S.No,STATE,DISTRICT,Lat,Lon,ACTUAL_1,NORMAL_1,PCTDEP_1,CAT_1,ACTUAL_2,NORMAL_2,PCTDEP_2,CAT_2,match_type,match_score
1,ANDAMAN & NICOBAR ISLANDS,NICOBAR,7.507,93.597,0.5,7.4,-94,LD,431.7,686.9,-37,D,EXACT,1.0
2,ANDAMAN & NICOBAR ISLANDS,NORTH & MIDDLE ANDAMAN,12.833,92.863,9.1,16.8,-46,D,1582,1229.4,29,E,EXACT,1.0
3,ANDAMAN & NICOBAR ISLANDS,SOUTH ANDAMAN,11.508,92.644,0.9,12,-93,LD,885.9,1047.9,-15,N,EXACT,1.0
1,ARUNACHAL PRADESH,ANJAW,28.066,96.825,0,7.2,-100,NR,124.2,1179.6,-89,LD,EXACT,1.0
2,ARUNACHAL PRADESH,CHANGLANG,27.363,96.341,1.9,10.7,-83,LD,757.1,962.7,-21,D,EXACT,1.0
3,ARUNACHAL PRADESH,DIBANG VALLEY,28.7,95.88,,2.5,,ND,,867.6,,ND,EXACT,1.0
4,ARUNACHAL PRADESH,EAST KAMENG,27.586,92.923,0,4.6,-100,NR,1048.9,851,23,E,EXACT,1.0
5,ARUNACHAL PRADESH,EAST SIANG,28.044,95.355,0.4,22.9,-98,LD,1748.6,2288.6,-24,D,EXACT,1.0
6,ARUNACHAL PRADESH,KURUNG KUMEY,28.014,93.202,1,5.8,-83,LD,429.9,821,-48,D,EXACT,1.0
7,ARUNACHAL PRADESH,LOHIT,27.906,96.276,4.2,11.4,-63,LD,723,1146.5,-37,D,EXACT,1.0
8,ARUNACHAL PRADESH,LOWER DIBANG VALLEY,28.25,95.84,,12.9,,ND,,1682.5,,ND,EXACT,1.0
9,ARUNACHAL PRADESH,LOWER SUBANSIRI,27.562,93.787,6.5,6.7,-4,N,338.8,541.8,-37,D,EXACT,1.0
10,ARUNACHAL PRADESH,PAPUMPARA,27.29,93.593,19.4,6,223,LE,1338,1581.1,-15,N,EXACT,1.0
11,ARUNACHAL PRADESH,TAWANG,27.662,91.95,7.6,11.7,-35,D,270.2,698.8,-61,LD,EXACT,1.0
12,ARUNACHAL PRADESH,TIRAP,27.028,95.532,0,15.7,-100,NR,1569.5,1418.9,11,N,EXACT,1.0
13,ARUNACHAL PRADESH,UPPER SIANG,28.834,94.915,0.2,10.8,-98,LD,878.8,1163.5,-24,D,EXACT,1.0
14,ARUNACHAL PRADESH,UPPER SUBANSIRI,28.291,93.933,0,7.5,-100,NR,269.1,665.1,-60,LD,EXACT,1.0
15,ARUNACHAL PRADESH,WEST KAMENG,27.298,92.39,6.4,14.4,-55,D,367.4,1222.8,-70,LD,EXACT,1.0
16,ARUNACHAL PRADESH,WEST SIANG,28.159,94.625,0,16,-100,NR,521.3,1432.3,-64,LD,EXACT,1.0
1,ASSAM,BAJALI,26.47,91.0,0,8.3,-100,NR,891,1557.1,-43,D,EXACT,1.0
2,ASSAM,BAKSA,26.661,91.353,1.1,8.9,-88,LD,933.8,1139.6,-18,N,EXACT,1.0
3,ASSAM,BARPETA,26.34,91.005,0.6,8.3,-93,LD,1076.1,1557.1,-31,D,EXACT,1.0
4,ASSAM,BISWANATH,26.829,93.383,,12.2,,ND,,1082.8,,ND,EXACT,1.0
5,ASSAM,BONGAIGAON,26.36,90.62,0,11.1,-100,NR,774.7,1751.5,-56,D,EXACT,1.0
6,ASSAM,CACHAR,24.813,92.855,0.6,13.1,-96,LD,1245.2,1298.3,-4,N,EXACT,1.0
7,ASSAM,CHARAIDEO,27.063,95.046,0,10.9,-100,NR,1015.5,725.3,40,E,EXACT,1.0
8,ASSAM,CHIRANG,26.66,90.599,0,5.5,-100,NR,1047.3,1719.8,-39,D,EXACT,1.0
9,ASSAM,DARRANG,26.448,92.029,23.8,5.1,366,LE,537.6,950,-43,D,EXACT,1.0
10,ASSAM,DHEMAJI,27.59,94.775,0,22.7,-100,NR,1699.7,1470,16,N,EXACT,1.0
11,ASSAM,DHUBRI,26.01,90.033,9.7,7.4,31,E,1052.7,1562.6,-33,D,EXACT,1.0
12,ASSAM,DIBRUGARH,27.367,95.053,0,12.8,-100,NR,875.4,1060.5,-17,N,EXACT,1.0
13,ASSAM,DIMA HASAO,25.378,93.031,0.8,5.2,-85,LD,334.7,758,-56,D,EXACT,1.0
14,ASSAM,GOALPARA,26.052,90.605,0.5,9.3,-95,LD,666.1,1475.9,-55,D,EXACT,1.0
15,ASSAM,GOLAGHAT,26.475,93.835,7.7,9.5,-19,N,667.4,738.2,-10,N,EXACT,1.0
16,ASSAM,HAILAKANDI,24.498,92.588,0,13.9,-100,NR,873,1109.5,-21,D,EXACT,1.0
17,ASSAM,HOJAI,25.978,92.98,4.8,6.6,-27,D,340.8,526.9,-35,D,EXACT,1.0
18,ASSAM,JORHAT,26.711,94.264,0,12,-100,NR,665.2,880.8,-24,D,EXACT,1.0
19,ASSAM,KAMRUP METROPOLITAN,26.13,91.888,22.7,10.9,108,LE,615,770.9,-20,D,EXACT,1.0
20,ASSAM,KAMRUP RURAL,26.1,91.415,1,9.2,-89,LD,387.4,949.5,-59,D,EXACT,1.0
21,ASSAM,KARBI ANGLONG,26.157,93.405,6.9,7.5,-8,N,410.7,570,-28,D,EXACT,1.0
22,ASSAM,KOKRAJHAR,26.494,90.117,0.1,14.5,-99,LD,1955.8,2013.3,-3,N,EXACT,1.0
23,ASSAM,LAKHIMPUR,27.174,94.141,1.9,16.1,-88,LD,1723.8,1442.6,19,N,EXACT,1.0
24,ASSAM,MAJULI,26.999,94.292,,12,,ND,949,880.8,8,N,EXACT,1.0
25,ASSAM,MORIGAON,26.282,92.284,34.6,8.7,297,LE,499.9,802,-38,D,EXACT,1.0
26,ASSAM,NAGAON,26.362,92.754,6.8,8,-15,N,336.3,729.3,-54,D,EXACT,1.0
27,ASSAM,NALBARI,26.371,91.382,0.1,9.4,-99,LD,427.6,1164.7,-63,LD,EXACT,1.0
28,ASSAM,SIBSAGAR,26.97,94.66,8.3,9.8,-15,N,618.2,861.6,-28,D,EXACT,1.0
29,ASSAM,SONITPUR,26.757,92.699,26.3,6.6,299,LE,826.6,856.2,-3,N,EXACT,1.0
30,ASSAM,SOUTH SALMARA,25.918,89.962,,7.4,,ND,,1562.6,,ND,EXACT,1.0
31,ASSAM,SRIBHUMI,24.868637,92.360548,0.7,23.8,-97,LD,1256.8,1607,-22,D,EXACT,1.0
32,ASSAM,TAMULPUR,26.69,91.1,0,5.9,-100,NR,901.7,1013.7,-11,N,EXACT,1.0
33,ASSAM,TINSUKIA,27.58,95.62,0,13.2,-100,NR,1006.4,1033.4,-3,N,EXACT,1.0
34,ASSAM,UDALGURI,26.73,92.032,19.5,8.2,138,LE,488.6,1068.9,-54,D,EXACT,1.0
35,ASSAM,WEST KARBI ANGLONG,25.85,92.533,0,6,-100,NR,442.6,500.5,-12,N,EXACT,1.0
1,MEGHALAYA,EAST GARO HILLS,25.624,90.631,1.1,9.7,-89,LD,564.3,1380,-59,D,EXACT,1.0
2,MEGHALAYA,EAST JAINTIA HILLS,25.258,92.469,2.8,22.8,-88,LD,1224.5,3336.6,-63,LD,EXACT,1.0
3,MEGHALAYA,EAST KHASI HILLS,25.381,91.797,22.7,31.3,-27,D,1696.4,3360.9,-50,D,EXACT,1.0
4,MEGHALAYA,NORTH GARO HILLS,25.856,90.665,1.3,12.3,-90,LD,422.4,1308.5,-68,LD,EXACT,1.0
5,MEGHALAYA,RI BHOI,25.871,91.886,22.7,12.3,85,LE,538.5,1047,-49,D,EXACT,1.0
6,MEGHALAYA,SOUTH GARO HILLS,25.302,90.582,4.1,12.3,-67,LD,748.7,1308.5,-43,D,EXACT,1.0
7,MEGHALAYA,SOUTH WEST GARO HILLS,25.446,89.993,0.3,12.3,-98,LD,498.3,1308.5,-62,LD,EXACT,1.0
8,MEGHALAYA,SOUTH WEST KHASI HILLS,25.321,91.243,21.7,12.3,77,LE,2347.7,1308.5,79,LE,EXACT,1.0
9,MEGHALAYA,WEST GARO HILLS,25.653,90.196,0.8,12.8,-94,LD,398,1342,-70,LD,EXACT,1.0
10,MEGHALAYA,WEST JAINTIA HILLS,25.483,92.285,6.2,22.8,-73,LD,729.6,3336.6,-78,LD,EXACT,1.0
11,MEGHALAYA,WEST KHASI HILLS,25.605,91.263,10.2,12.6,-19,N,582.7,1963.9,-70,LD,EXACT,1.0
1,MIZORAM,AIZAWL,23.836,92.824,5.2,15.6,-67,LD,872.1,1074.2,-19,N,EXACT,1.0
2,MIZORAM,CHAMPHAI,23.425,93.304,5.3,11.4,-54,D,764.2,897.8,-15,N,EXACT,1.0
3,MIZORAM,KOLASIB,24.158,92.727,37.3,19.7,89,LE,969.1,1179.6,-18,N,EXACT,1.0
4,MIZORAM,LAWNGTLAI,22.434,92.769,9,14.7,-39,D,970.3,1195.9,-19,N,EXACT,1.0
5,MIZORAM,LUNGLEI,22.968,92.643,5.5,16.4,-67,LD,929.1,1206.9,-23,D,EXACT,1.0
6,MIZORAM,MAMIT,23.753,92.463,0,13.4,-99,LD,592.3,1055.9,-44,D,EXACT,1.0
7,MIZORAM,SAIHA,22.291,93.001,15.9,10.2,56,E,883.2,1206.2,-27,D,EXACT,1.0
8,MIZORAM,SERCHHIP,23.299,92.934,5.3,11,-51,D,969.8,1053.1,-8,N,EXACT,1.0
1,MANIPUR,BISHNUPUR,24.538,93.799,40,9.2,335,LE,359.9,816.3,-56,D,EXACT,1.0
2,MANIPUR,CHANDEL,24.14,94.014,6.7,9.2,-28,D,405.7,816.3,-50,D,EXACT,1.0
3,MANIPUR,CHURACHANDPUR,24.28,93.603,0,9.2,-100,NR,192,816.3,-76,LD,EXACT,1.0
4,MANIPUR,IMPHAL EAST,24.826,94.009,4.6,5.5,-17,N,396.6,536.4,-26,D,EXACT,1.0
5,MANIPUR,IMPHAL WEST,24.772,93.868,1.1,11.5,-90,LD,561.3,1228.4,-54,D,EXACT,1.0
6,MANIPUR,SENAPATI,25.398,94.127,0,7.8,-100,NR,485,563.5,-14,N,EXACT,1.0
7,MANIPUR,TAMENGLONG,25.047,93.556,30.6,57.1,-46,D,1404.8,3045.3,-54,D,EXACT,1.0
8,MANIPUR,THOUBAL,24.621,94.012,0,5.5,-100,NR,255.9,536.4,-52,D,EXACT,1.0
9,MANIPUR,UKHRUL,25.23,94.427,0.8,12.1,-93,LD,729.8,784.4,-7,N,EXACT,1.0
1,TRIPURA,DHALAI,23.839,91.92,0.5,10.5,-95,LD,854.1,962.5,-11,N,EXACT,1.0
2,TRIPURA,GOMATI,23.53,91.619,1.3,10.4,-87,LD,780.3,1031.4,-24,D,EXACT,1.0
3,TRIPURA,KHOWAI,23.947,91.655,0,11.7,-100,NR,878.6,950,-8,N,EXACT,1.0
4,TRIPURA,NORTH TRIPURA,24.095,92.209,0,13.6,-100,NR,772.8,979.8,-21,D,EXACT,1.0
5,TRIPURA,SIPAHIJALA,23.587,91.33,0.2,8.2,-97,LD,873,969.3,-10,N,EXACT,1.0
6,TRIPURA,SOUTH TRIPURA,23.192,91.588,1.4,13.1,-90,LD,882.3,1263.5,-30,D,EXACT,1.0
7,TRIPURA,UNAKOTI,24.193,92.04,0,11.7,-100,NR,935.6,1018.7,-8,N,EXACT,1.0
8,TRIPURA,WEST TRIPURA,23.888,91.397,1.5,8.2,-82,LD,919.7,875.4,5,N,EXACT,1.0
1,NAGALAND,DIMAPUR,25.776,93.795,21.9,9.9,121,LE,538,580.2,-7,N,EXACT,1.0
2,NAGALAND,KIPHIRE,25.847,94.824,8.3,4,108,LE,552.8,427.4,29,E,EXACT,1.0
3,NAGALAND,KOHIMA,25.77,94.11,14.9,13.7,8,N,792.6,828.8,-4,N,EXACT,1.0
4,NAGALAND,LONGLENG,26.559,94.798,,6.8,,ND,,772.4,,ND,EXACT,1.0
5,NAGALAND,MOKOKCHUNG,26.472,94.529,3.2,9.7,-67,LD,1130.9,985.8,15,N,EXACT,1.0
6,NAGALAND,MON,26.684,95.018,3.4,9.8,-65,LD,538.9,794.5,-32,D,EXACT,1.0
7,NAGALAND,PEREN,25.493,93.615,9.2,10.4,-11,N,612.1,617.2,-1,N,EXACT,1.0
8,NAGALAND,PHEK,25.649,94.532,8,5.5,45,E,522.9,594.9,-12,N,EXACT,1.0
9,NAGALAND,TUENSANG,26.177,94.887,,6.8,,ND,,772.4,,ND,EXACT,1.0
10,NAGALAND,WOKHA,26.196,94.198,8.8,13,-33,D,892,866.2,3,N,EXACT,1.0
11,NAGALAND,ZUNHEBOTO,26.003,94.486,40.7,10.2,299,LE,1216.5,765.9,59,E,EXACT,1.0
1,WEST BENGAL,ALIPURDUAR,26.631,89.457,0.4,15.4,-97,LD,2092,2168.6,-4,N,EXACT,1.0
2,WEST BENGAL,COOCH BEHAR,26.292,89.346,12.4,10.5,18,N,1617.9,1663.8,-3,N,EXACT,1.0
3,WEST BENGAL,DARJEELING,26.853,88.263,20.8,20,4,N,1657.8,1936.7,-14,N,FUZZY,0.842
4,WEST BENGAL,JALPAIGURI,26.681,88.761,11.9,19.3,-39,D,1689.5,2086.6,-19,N,EXACT,1.0
5,WEST BENGAL,KALIMPONG,27.033,88.629,19.3,21.7,-11,N,1422.8,1721.5,-17,N,EXACT,1.0
6,WEST BENGAL,MALDA,25.142,88.089,22.6,7.3,210,LE,581.2,764,-24,D,FUZZY,0.909
7,WEST BENGAL,NORTH DINAJPUR,25.889,87.998,0,8.2,-100,NR,741.2,986.1,-25,D,EXACT,1.0
8,WEST BENGAL,SOUTH DINAJPUR,25.367,88.575,0.5,9.2,-95,LD,635.2,715,-11,N,EXACT,1.0
1,SIKKIM,GANGTOK,27.292,88.671,13.2,18.8,-30,D,1406.4,1558.5,-10,N,EXACT,1.0
2,SIKKIM,GYALSHING,27.349,88.175,15.1,15,0,N,1640.9,1238.7,32,E,EXACT,1.0
3,SIKKIM,MANGAN,27.744,88.528,14.5,10.8,35,E,960.2,1082.2,-11,N,EXACT,1.0
4,SIKKIM,NAMCHI,27.287,88.383,19.8,14.2,39,E,1428,1146.1,25,E,EXACT,1.0
5,SIKKIM,Pakyong,27.23,88.6,15.2,13.1,16,N,1193.5,1145.9,4,N,EXACT,1.0
6,SIKKIM,Soreng,27.17,88.25,3,15,-80,LD,1696.5,1238.7,37,E,EXACT,1.0
1,WEST BENGAL,BANKURA,23.139,87.136,16.6,11.4,45,E,844.7,803.1,5,N,EXACT,1.0
2,WEST BENGAL,BIRBHUM,23.955,87.663,14.2,6,136,LE,622.9,771.7,-19,N,EXACT,1.0
3,WEST BENGAL,EAST MIDNAPORE,22.032,87.772,0,12.7,-100,NR,1422.1,844.7,68,LE,EXACT,1.0
4,WEST BENGAL,HOOGHLY,22.884,88.072,4,8.5,-53,D,769.8,722.7,7,N,EXACT,1.0
5,WEST BENGAL,HOWRAH,22.524,88.064,2.3,10.3,-78,LD,905.9,798.3,13,N,EXACT,1.0
6,WEST BENGAL,JHARGRAM,22.363,86.956,5.2,10.7,-51,D,781,802,-3,N,EXACT,1.0
7,WEST BENGAL,KOLKATA,22.559,88.344,0.4,11.6,-97,LD,1069.5,906.2,18,N,EXACT,1.0
8,WEST BENGAL,MURSHIDABAD,24.171,88.229,11.2,6.7,66,LE,529.1,678.2,-22,D,EXACT,1.0
9,WEST BENGAL,NADIA,23.479,88.517,13.4,4.1,226,LE,527,652,-19,N,EXACT,1.0
10,WEST BENGAL,NORTH 24 PARGANAS,22.727,88.731,5.9,8.2,-29,D,1040.3,796.2,31,E,EXACT,1.0
11,WEST BENGAL,PASCHIM BARDHAMAN,23.661,87.16,19.2,7.9,142,LE,770.5,753,2,N,EXACT,1.0
12,WEST BENGAL,PURBA BARDHAMAN,23.36,87.947,10.7,7.3,47,E,694.1,713.4,-3,N,EXACT,1.0
13,WEST BENGAL,PURULIA,23.277,86.421,35,8.3,322,LE,607.6,753.8,-19,N,EXACT,1.0
14,WEST BENGAL,SOUTH 24 PARGANAS,22.063,88.535,0,8.5,-100,NR,1237.1,991.6,25,E,EXACT,1.0
15,WEST BENGAL,WEST MIDNAPORE,22.439,87.417,1.5,10.7,-86,LD,1184.3,802,48,E,EXACT,1.0
1,ODISHA,ANGUL,20.987,84.906,3.1,13.7,-78,LD,1098,774.8,42,E,EXACT,1.0
2,ODISHA,BALANGIR,20.589,83.172,6.9,15.9,-57,D,1099.8,754.4,46,E,EXACT,1.0
3,ODISHA,BALASORE,21.492,86.914,0.2,15.8,-99,LD,1304.5,794.8,64,LE,EXACT,1.0
4,ODISHA,BARGARH,21.219,83.349,14.3,15.7,-9,N,1438.7,835.5,72,LE,EXACT,1.0
5,ODISHA,BHADRAK,20.983,86.625,0.7,11,-94,LD,1025.1,719.4,42,E,EXACT,1.0
6,ODISHA,BOUDH,20.644,84.173,1.4,16.1,-91,LD,1466,712.9,106,LE,EXACT,1.0
7,ODISHA,CUTTACK,20.453,85.697,0,15,-100,NR,1145.5,767.9,49,E,EXACT,1.0
8,ODISHA,DEOGARH,21.537,84.733,17.5,16.1,8,N,1193,804.7,48,E,EXACT,1.0
9,ODISHA,DHENKANAL,20.827,85.524,0.5,12.3,-96,LD,1265,753.9,68,LE,EXACT,1.0
10,ODISHA,GAJAPATI,19.186,84.161,1,6.2,-85,LD,413.2,586.1,-29,D,EXACT,1.0
11,ODISHA,GANJAM,19.625,84.673,2,6.8,-70,LD,513.3,565.4,-9,N,EXACT,1.0
12,ODISHA,JAGATSINGHPUR,20.219,86.336,5.4,13.7,-61,LD,981.3,689.3,42,E,EXACT,1.0
13,ODISHA,JAJPUR,20.856,86.149,1.1,14.4,-92,LD,1049,835,26,E,EXACT,1.0
14,ODISHA,JHARSUGUDA,21.806,83.948,27.9,10.1,176,LE,982.3,835.7,18,N,EXACT,1.0
15,ODISHA,KALAHANDI,19.868,83.108,12.8,19.1,-33,D,772.9,976.8,-21,D,EXACT,1.0
16,ODISHA,KANDHAMAL,20.128,84.046,11.2,11.8,-5,N,1017.4,755,35,E,EXACT,1.0
17,ODISHA,KENDRAPARA,20.553,86.612,0.2,11.8,-98,LD,1188.9,736.7,61,LE,EXACT,1.0
18,ODISHA,KEONJHARGARH,21.538,85.704,8.8,11.7,-25,D,1246.8,775.8,61,LE,EXACT,1.0
19,ODISHA,KHURDA,20.091,85.515,3.3,10.1,-68,LD,912.9,717.4,27,E,EXACT,1.0
20,ODISHA,KORAPUT,18.814,82.718,6.4,15.5,-59,D,754.1,855.4,-12,N,EXACT,1.0
21,ODISHA,MALKANGIRI,18.259,81.95,2.8,14.1,-80,LD,707.2,893.5,-21,D,EXACT,1.0
22,ODISHA,MAYURBHANJ,21.896,86.409,5.3,14.3,-63,LD,1173.1,824.3,42,E,EXACT,1.0
23,ODISHA,NAWAPARA,20.465,82.577,19.8,9.7,104,LE,917.5,690,33,E,EXACT,1.0
24,ODISHA,NAWARANGPUR,19.225724,82.549722,5.6,22.1,-75,LD,631.5,946,-33,D,EXACT,1.0
25,ODISHA,NAYAGARH,20.213,84.998,0.9,12.9,-93,LD,937.6,728.2,29,E,EXACT,1.0
26,ODISHA,PURI,19.879,85.726,0.7,11.4,-94,LD,945.1,662.7,43,E,EXACT,1.0
27,ODISHA,RAYAGADA,19.364,83.512,4.7,8.5,-45,D,560.6,665,-16,N,EXACT,1.0
28,ODISHA,SAMBALPUR,21.452,84.274,18.5,17.1,8,N,1324.3,896.6,48,E,EXACT,1.0
29,ODISHA,SONEPUR,20.84622,83.896885,5.3,21.2,-75,LD,1495.1,830.9,80,LE,EXACT,1.0
30,ODISHA,SUNDARGARH,22.08,84.559,31.6,13.9,128,LE,1112.9,843.2,32,E,EXACT,1.0
1,JHARKHAND,BOKARO,23.695,85.996,33.9,10.1,236,LE,494.3,625.1,-21,D,EXACT,1.0
2,JHARKHAND,CHATRA,24.173,84.887,19.4,10.2,91,LE,415.5,647,-36,D,EXACT,1.0
3,JHARKHAND,DEOGHAR,24.329,86.739,6.7,6.3,7,N,340.9,658.9,-48,D,EXACT,1.0
4,JHARKHAND,DHANBAD,23.827,86.471,22,8.2,168,LE,649.5,717.3,-9,N,EXACT,1.0
5,JHARKHAND,DUMKA,24.319,87.266,11.6,7.5,55,E,654.2,700.2,-7,N,EXACT,1.0
6,JHARKHAND,EAST SINGHBHUM,22.583,86.451,20,14.4,39,E,729.8,755.2,-3,N,EXACT,1.0
7,JHARKHAND,GARHWA,24.104,83.698,24.8,13.9,78,LE,358.5,632.6,-43,D,EXACT,1.0
8,JHARKHAND,GIRIDIH,24.294,86.11,17.8,8.8,102,LE,391.4,661.3,-41,D,EXACT,1.0
9,JHARKHAND,GODDA,24.859,87.308,5.6,6.1,-9,N,428.7,604.2,-29,D,EXACT,1.0
10,JHARKHAND,GUMLA,23.103,84.532,30.1,11.2,169,LE,549.9,736.4,-25,D,EXACT,1.0
11,JHARKHAND,HAZARIBAG,24.055,85.419,20.4,9.9,106,LE,519.2,719.2,-28,D,EXACT,1.0
12,JHARKHAND,JAMTARA,23.976,86.907,14.9,8.8,69,LE,590.6,735.2,-20,D,EXACT,1.0
13,JHARKHAND,KHUNTI,22.994,85.262,17,14.2,20,E,812,755.2,8,N,EXACT,1.0
14,JHARKHAND,KODERMA,24.499,85.666,10.4,9.4,11,N,325.8,596.1,-45,D,EXACT,1.0
15,JHARKHAND,LATEHAR,23.719,84.442,101,14.1,616,LE,743.2,714.6,4,N,EXACT,1.0
16,JHARKHAND,LOHARDAGA,23.476,84.669,60.1,11.9,405,LE,664,692.8,-4,N,EXACT,1.0
17,JHARKHAND,PAKUR,24.564,87.662,14,8.7,61,LE,331,787.9,-58,D,EXACT,1.0
18,JHARKHAND,PALAMU,24.203,84.167,38.5,11.8,227,LE,410,573.8,-29,D,EXACT,1.0
19,JHARKHAND,RAMGARH,23.635,85.563,77.2,10.5,636,LE,630.9,704.8,-10,N,EXACT,1.0
20,JHARKHAND,RANCHI,23.329,85.373,46.4,10.4,346,LE,695.3,718.1,-3,N,EXACT,1.0
21,JHARKHAND,SAHIBGANJ,25.01,87.677,,7.4,,ND,419.3,784.6,-47,D,EXACT,1.0
22,JHARKHAND,SERAIKELA-KHARSAWAN,22.848,85.95,4.5,11.1,-59,D,764.8,699.2,9,N,EXACT,1.0
23,JHARKHAND,SIMDEGA,22.582,84.564,23.3,14.3,63,LE,947.9,906.3,5,N,EXACT,1.0
24,JHARKHAND,WEST SINGHBHUM,22.421,85.518,11.5,11,4,N,949.3,698.5,36,E,EXACT,1.0
1,BIHAR,ARARIA,26.198,87.362,1.9,7.7,-75,LD,643.9,961.7,-33,D,EXACT,1.0
2,BIHAR,ARWAL,25.163,84.677,9.9,10.1,-2,N,265.3,463.5,-43,D,EXACT,1.0
3,BIHAR,AURANGABAD,24.791,84.408,25.1,9.1,176,LE,451.7,580.5,-22,D,EXACT,1.0
4,BIHAR,BANKA,24.854,86.838,2.5,10.7,-77,LD,306.8,597.3,-49,D,EXACT,1.0
5,BIHAR,BEGUSARAI,25.497,86.13,5.6,5.1,10,N,405.2,666.4,-39,D,EXACT,1.0
6,BIHAR,BHABUA,24.992,83.606,22.7,9.4,141,LE,288.3,577.2,-50,D,EXACT,1.0
7,BIHAR,BHAGALPUR,25.27,87.083,2.2,10.1,-78,LD,263.4,656.5,-60,LD,EXACT,1.0
8,BIHAR,BHOJPUR,25.474,84.54,5,9.7,-49,D,282.7,588.8,-52,D,EXACT,1.0
9,BIHAR,BUXAR,25.487,84.094,10.1,9.4,8,N,393.6,532.2,-26,D,EXACT,1.0
10,BIHAR,DARBHANGA,26.085,86.055,4.3,5.6,-23,D,307,623,-51,D,EXACT,1.0
11,BIHAR,EAST CHAMPARAN,26.618,84.922,1.2,9.8,-88,LD,416.1,728.5,-43,D,EXACT,1.0
12,BIHAR,GAYA,24.697,84.934,12.9,7.4,74,LE,362.1,573.8,-37,D,EXACT,1.0
13,BIHAR,GOPALGANJ,26.444,84.374,0.9,6.5,-86,LD,420.5,649.5,-35,D,EXACT,1.0
14,BIHAR,JAHANABAD,25.155,85.017,7.4,10.3,-28,D,209.6,568.8,-63,LD,EXACT,1.0
15,BIHAR,JAMUI,24.785,86.293,3.1,6.5,-53,D,292.1,624.9,-53,D,EXACT,1.0
16,BIHAR,KATIHAR,25.55,87.64,3.5,7.8,-56,D,437.3,716.5,-39,D,EXACT,1.0
17,BIHAR,KHAGARIA,25.511,86.601,5.5,6.2,-11,N,575.6,644.4,-11,N,EXACT,1.0
18,BIHAR,KISHANGANJ,26.296,87.939,6.4,7.6,-16,N,867,1206.6,-28,D,EXACT,1.0
19,BIHAR,LAKHISARAI,25.162,86.137,1.1,6.7,-84,LD,489.1,575.9,-15,N,EXACT,1.0
20,BIHAR,MADHEPURA,25.822,86.898,9.5,7.3,30,E,435.3,695.7,-37,D,EXACT,1.0
21,BIHAR,MADHUBANI,26.402,86.222,0.9,8.7,-90,LD,415.1,685.1,-39,D,EXACT,1.0
22,BIHAR,MUNGER,25.21,86.526,3.3,6.7,-51,D,424.3,687.8,-38,D,EXACT,1.0
23,BIHAR,MUZAFFARPUR,26.152,85.329,3,6.8,-55,D,338.7,651.2,-48,D,EXACT,1.0
24,BIHAR,NALANDA,25.219,85.448,8.1,6.8,20,E,313.6,575.9,-46,D,EXACT,1.0
25,BIHAR,NAWADA,24.811,85.59,4.6,6.3,-26,D,363.6,572.6,-36,D,EXACT,1.0
26,BIHAR,PATNA,25.455,85.227,6,6.9,-13,N,302.1,591.6,-49,D,EXACT,1.0
27,BIHAR,PURNEA,25.815,87.404,6,6.1,-1,N,569.9,965.7,-41,D,EXACT,1.0
28,BIHAR,ROHTAS,24.98,84.026,10.8,6.4,68,LE,344.6,564.9,-39,D,EXACT,1.0
29,BIHAR,SAHARSA,25.814,86.591,3.4,8.7,-61,LD,391.5,738,-47,D,EXACT,1.0
30,BIHAR,SAMASTIPUR,25.774,85.865,1,6.9,-86,LD,343.9,630.6,-45,D,EXACT,1.0
31,BIHAR,SARAN,25.904,84.826,0.7,9.4,-93,LD,328.4,602.7,-46,D,EXACT,1.0
32,BIHAR,SHEIKHPURA,25.126,85.839,1.1,4,-72,LD,339.5,558.6,-39,D,EXACT,1.0
33,BIHAR,SHEOHAR,26.498,85.301,1.8,5.3,-65,LD,303.1,686.5,-56,D,EXACT,1.0
34,BIHAR,SITAMARHI,26.585,85.552,0.9,8.7,-89,LD,323.8,753.7,-57,D,EXACT,1.0
35,BIHAR,SIWAN,26.162,84.386,2.8,9.3,-70,LD,557.3,597.7,-7,N,EXACT,1.0
36,BIHAR,SUPAUL,26.245,86.808,7,7.8,-11,N,573.2,756.5,-24,D,EXACT,1.0
37,BIHAR,VAISHALI,25.768,85.367,1.4,7.7,-82,LD,375.7,612.1,-39,D,EXACT,1.0
38,BIHAR,WEST CHAMPARAN,27.081,84.338,0,11.5,-99,LD,574.1,858.2,-33,D,EXACT,1.0
1,UTTAR PRADESH,AGRA,27.036,78.076,0.6,5.4,-89,LD,355.5,365.7,-3,N,EXACT,1.0
2,UTTAR PRADESH,ALIGARH,27.926,78.065,0.2,11,-98,LD,251.3,410.9,-39,D,EXACT,1.0
3,UTTAR PRADESH,AMROHA,28.813,78.332,0,12.7,-100,NR,310.6,575.8,-46,D,EXACT,1.0
4,UTTAR PRADESH,AURAIYA,26.658,79.479,0,7.3,-100,NR,344.3,353.8,-3,N,EXACT,1.0
5,UTTAR PRADESH,BADAUN,28.078,79.042,0,7.2,-100,NR,482.3,469.2,3,N,EXACT,1.0
6,UTTAR PRADESH,BAGHPAT,29.057,77.308,1.3,4,-67,LD,353.3,351.8,0,N,EXACT,1.0
7,UTTAR PRADESH,BAREILLY,28.458,79.431,9.6,7.6,26,E,491.2,559.6,-12,N,EXACT,1.0
8,UTTAR PRADESH,BIJNOR,29.386,78.389,25.2,13.4,88,LE,769.4,654.5,18,N,EXACT,1.0
9,UTTAR PRADESH,BULANDSHAHAR,28.363,78.015,1.5,7.5,-80,LD,366,370.4,-1,N,EXACT,1.0
10,UTTAR PRADESH,ETAH,27.516,78.717,2,9.8,-79,LD,465.8,346.5,34,E,EXACT,1.0
11,UTTAR PRADESH,ETAWAH,26.764,79.095,0,10.6,-100,NR,424.6,394.3,8,N,EXACT,1.0
12,UTTAR PRADESH,FIROZABAD,27.187,78.526,6,9.2,-35,D,485.1,401.4,21,E,EXACT,1.0
13,UTTAR PRADESH,GAUTAM BUDDHA NAGAR,28.394,77.556,5.4,3.1,74,LE,436,313.3,39,E,EXACT,1.0
14,UTTAR PRADESH,GHAZIABAD,28.768,77.476,0,3.3,-100,NR,145,315.9,-54,D,EXACT,1.0
15,UTTAR PRADESH,HAMIRPUR,25.751,79.865,2,9,-78,LD,588.5,484.3,22,E,EXACT,1.0
16,UTTAR PRADESH,HAPUR,28.722,77.893,2,13.5,-85,LD,264,457.4,-42,D,EXACT,1.0
17,UTTAR PRADESH,HATHRAS,27.582,78.164,0,7.6,-100,NR,378,394.6,-4,N,EXACT,1.0
18,UTTAR PRADESH,JALAUN,26.091,79.386,2.1,7.4,-72,LD,359.8,447.3,-20,D,EXACT,1.0
19,UTTAR PRADESH,JHANSI,25.508,78.951,0.9,9.4,-90,LD,293.3,502,-42,D,EXACT,1.0
20,UTTAR PRADESH,KASGANJ,27.773,78.846,21.7,12.8,69,LE,446.3,445.7,0,N,EXACT,1.0
21,UTTAR PRADESH,LALITPUR,24.653,78.562,0,9.5,-100,NR,491.9,570.9,-14,N,EXACT,1.0
22,UTTAR PRADESH,MAHOBA,25.363,79.726,11.7,6.4,83,LE,425.3,411.8,3,N,EXACT,1.0
23,UTTAR PRADESH,MAINPURI,27.182,79.052,0,9.7,-100,NR,229.6,454.5,-49,D,EXACT,1.0
24,UTTAR PRADESH,MATHURA,27.597,77.626,0,6.6,-100,NR,201,348.4,-42,D,EXACT,1.0
25,UTTAR PRADESH,MEERUT,29.036,77.783,9.7,10.1,-4,N,771.5,452.2,71,LE,EXACT,1.0
26,UTTAR PRADESH,MORADABAD,28.899,78.788,1.5,10.2,-85,LD,546.3,606.8,-10,N,EXACT,1.0
27,UTTAR PRADESH,MUZAFFARNAGAR,29.416,77.725,20.2,8.7,132,LE,837.9,466,80,LE,EXACT,1.0
28,UTTAR PRADESH,PILIBHIT,28.531,79.995,2.5,8.3,-70,LD,177.4,593.8,-70,LD,EXACT,1.0
29,UTTAR PRADESH,RAMPUR,28.81,79.115,0,9.6,-100,NR,394.5,507.7,-22,D,EXACT,1.0
30,UTTAR PRADESH,SAHARANPUR,29.951,77.547,56,11.8,375,LE,444.9,552.5,-19,N,EXACT,1.0
31,UTTAR PRADESH,SAMBHAL,28.455,78.552,8,7.1,13,N,875.7,454.3,93,LE,EXACT,1.0
32,UTTAR PRADESH,SHAHJAHANPUR,27.951,79.822,5,8.2,-39,D,482.4,537.2,-10,N,EXACT,1.0
33,UTTAR PRADESH,SHAMLI,29.5,77.282,1.3,9.3,-86,LD,153.9,385.5,-60,LD,EXACT,1.0
1,UTTAR PRADESH,AMBEDKAR NAGAR,26.419,82.666,29.3,11,166,LE,394.6,581.8,-32,D,EXACT,1.0
2,UTTAR PRADESH,AMETHI,26.288,81.64,9.2,7.4,25,E,227,462.3,-51,D,EXACT,1.0
3,UTTAR PRADESH,AYODHYA,26.658,81.997,6.3,11.9,-47,D,442.1,590.7,-25,D,EXACT,1.0
4,UTTAR PRADESH,AZAMGARH,26.046,83.067,18.1,6.6,174,LE,361.9,563,-36,D,EXACT,1.0
5,UTTAR PRADESH,BAHRAICH,27.698,81.493,13.9,12.3,13,N,616.7,680.5,-9,N,EXACT,1.0
6,UTTAR PRADESH,BALLIA,25.876,84.103,0,8.5,-100,NR,400.4,495.8,-19,N,EXACT,1.0
7,UTTAR PRADESH,BALRAMPUR,27.484,82.375,4.1,13.6,-70,LD,486.5,562.8,-14,N,EXACT,1.0
8,UTTAR PRADESH,BANDA,25.471,80.557,13.9,10.4,34,E,479.8,531.5,-10,N,EXACT,1.0
9,UTTAR PRADESH,BARABANKI,26.939,81.332,8.3,8.2,1,N,516.9,550.3,-6,N,EXACT,1.0
10,UTTAR PRADESH,BASTI,26.82,82.626,0,14.2,-100,NR,380.9,571.1,-33,D,EXACT,1.0
11,UTTAR PRADESH,BHADOHI,25.348,82.464,17,14.5,17,N,178.5,541.5,-67,LD,EXACT,1.0
12,UTTAR PRADESH,CHANDAULI,25.142,83.258,21,13.4,57,E,284,491,-42,D,EXACT,1.0
13,UTTAR PRADESH,CHITRAKOOT,25.206,81.078,49.8,10.3,383,LE,715.1,539.3,33,E,EXACT,1.0
14,UTTAR PRADESH,DEORIA,26.425,83.835,0,8.5,-100,NR,153.5,552.2,-72,LD,EXACT,1.0
15,UTTAR PRADESH,FARRUKHABAD,27.431,79.459,2.3,12.9,-83,LD,372.4,505.7,-26,D,EXACT,1.0
16,UTTAR PRADESH,FATEHPUR,25.875,80.808,7.7,8.3,-8,N,247.4,469,-47,D,EXACT,1.0
17,UTTAR PRADESH,GHAZIPUR,25.624,83.556,10.2,9.9,3,N,319.9,520.9,-39,D,EXACT,1.0
18,UTTAR PRADESH,GONDA,27.083,82.025,33.5,9.8,242,LE,508.7,601.8,-15,N,EXACT,1.0
19,UTTAR PRADESH,GORAKHPUR,26.656,83.359,0,16.3,-100,NR,613.2,855.9,-28,D,EXACT,1.0
20,UTTAR PRADESH,HARDOI,27.33,80.162,0,6.6,-100,NR,337.2,455.2,-26,D,EXACT,1.0
21,UTTAR PRADESH,JAUNPUR,25.746,82.575,9.3,6.5,44,E,160.2,471.5,-66,LD,EXACT,1.0
22,UTTAR PRADESH,KANNAUJ,27.014,79.689,0.9,9.1,-90,LD,533.5,447.1,19,N,EXACT,1.0
23,UTTAR PRADESH,KANPUR CITY,26.391,80.208,0,6.9,-100,NR,502.8,436.2,15,N,EXACT,1.0
24,UTTAR PRADESH,KANPUR DEHAT,26.44,79.853,0,9,-100,NR,119.9,393.6,-70,LD,EXACT,1.0
25,UTTAR PRADESH,KAUSHAMBI,25.498,81.415,11,6.3,75,LE,177,381.4,-54,D,EXACT,1.0
26,UTTAR PRADESH,KHERI,28.121,80.667,2.6,10.8,-76,LD,641,632.9,1,N,EXACT,1.0
27,UTTAR PRADESH,KUSHI NAGAR,26.863,83.934,0,5.5,-100,NR,191.1,520.8,-63,LD,EXACT,1.0
28,UTTAR PRADESH,LUCKNOW,26.842,80.906,15.5,9.6,61,LE,391.3,456.5,-14,N,EXACT,1.0
29,UTTAR PRADESH,MAHARAJGANJ,27.201,83.531,0,9.9,-100,NR,572.2,705.7,-19,N,EXACT,1.0
30,UTTAR PRADESH,MAU,26.047,83.562,0,5.6,-100,NR,186.5,534.6,-65,LD,EXACT,1.0
31,UTTAR PRADESH,MIRZAPUR,24.987,82.607,27.6,10.8,155,LE,620.9,588.4,6,N,EXACT,1.0
32,UTTAR PRADESH,PRATAPGARH,25.873,81.829,60,8.2,632,LE,504.8,510.6,-1,N,EXACT,1.0
33,UTTAR PRADESH,PRAYAGRAJ,25.304,81.96,60.2,9.5,534,LE,583.7,482.4,21,E,EXACT,1.0
34,UTTAR PRADESH,RAE BAREILLY,26.226,81.135,4.6,3.9,19,N,175.9,289.2,-39,D,EXACT,1.0
35,UTTAR PRADESH,SANT KABIR NAGAR,26.776,83.027,0,8.2,-100,NR,347.7,711.1,-51,D,EXACT,1.0
36,UTTAR PRADESH,SHRAWASTI,27.718,81.903,1,7.8,-87,LD,476.2,783.2,-39,D,EXACT,1.0
37,UTTAR PRADESH,SIDDHARTH NAGAR,27.27,82.873,0,10.9,-100,NR,488.4,737.4,-34,D,EXACT,1.0
38,UTTAR PRADESH,SITAPUR,27.517,80.852,2.8,10.9,-75,LD,301.1,558.6,-46,D,EXACT,1.0
39,UTTAR PRADESH,SONBHADRA,24.408,83.051,18.5,11.3,63,LE,511.5,594,-14,N,EXACT,1.0
40,UTTAR PRADESH,SULTANPUR,26.243,82.225,4.9,7,-30,D,462.9,556.9,-17,N,EXACT,1.0
41,UTTAR PRADESH,UNNAO,26.609,80.561,1.8,9.2,-80,LD,259.5,431.6,-40,D,EXACT,1.0
42,UTTAR PRADESH,VARANASI,25.388,82.914,45,8.4,436,LE,399.6,524.5,-24,D,EXACT,1.0
1,UTTARAKHAND,ALMORA,29.691,79.504,43.1,10.3,319,LE,650.3,591.3,10,N,EXACT,1.0
2,UTTARAKHAND,BAGESHWAR,29.996,79.859,19.6,10.3,91,LE,1474.1,591.3,149,LE,EXACT,1.0
3,UTTARAKHAND,CHAMOLI,30.494,79.577,6.3,9.9,-36,D,867.1,543.9,59,E,EXACT,1.0
4,UTTARAKHAND,CHAMPAWAT,29.281,80.069,9.2,17.7,-48,D,621.4,951.2,-35,D,EXACT,1.0
5,UTTARAKHAND,DEHRADUN,30.472,77.968,35.3,23.8,48,E,1048.3,1071,-2,N,EXACT,1.0
6,UTTARAKHAND,GARHWAL PAURI,29.88,78.764,25.5,22.9,11,N,484,908.5,-47,D,EXACT,1.0
7,UTTARAKHAND,GARHWAL TEHRI,30.437,78.536,17.9,11.7,53,E,896.6,690.5,30,E,EXACT,1.0
8,UTTARAKHAND,HARDWAR,29.881,77.996,10.1,13.9,-28,D,817.6,710.6,15,N,EXACT,1.0
9,UTTARAKHAND,NAINITAL,29.317,79.463,22.7,21.2,7,N,745.2,1144.7,-35,D,EXACT,1.0
10,UTTARAKHAND,PITHORAGARH,30.113,80.345,6.4,20.1,-68,LD,1093.6,1108.6,-1,N,EXACT,1.0
11,UTTARAKHAND,RUDRAPRAYAG,30.507,79.052,2.2,19.1,-89,LD,1054,1159.1,-9,N,EXACT,1.0
12,UTTARAKHAND,UDHAM SINGH NAGAR,29.042,79.471,14.8,12.3,20,E,737.6,815.5,-10,N,EXACT,1.0
13,UTTARAKHAND,UTTARKASHI,30.973,78.607,5.6,19.6,-72,LD,789.3,871.3,-9,N,EXACT,1.0
1,HARYANA,AMBALA,30.326,76.936,12.9,13.5,-4,N,297.8,600,-50,D,EXACT,1.0
2,HARYANA,BHIWANI,28.778,75.89,0,2.8,-100,NR,260.5,210.2,24,E,EXACT,1.0
3,HARYANA,CHARKHI DADRI,28.579,76.161,0,4.3,-100,NR,325.3,291.1,12,N,EXACT,1.0
4,HARYANA,FARIDABAD,28.348,77.347,0,4.1,-100,NR,430.2,370.3,16,N,EXACT,1.0
5,HARYANA,FATEHABAD,29.569,75.577,10.2,3.4,200,LE,194.1,186.2,4,N,EXACT,1.0
6,HARYANA,GURGAON,28.369,76.94,0.5,5.6,-91,LD,338.9,343.5,-1,N,EXACT,1.0
7,HARYANA,HISAR,29.212,75.822,1.3,3.4,-62,LD,195.3,213.7,-9,N,EXACT,1.0
8,HARYANA,JHAJJAR,28.605,76.652,1.3,5.1,-75,LD,265.4,266.8,-1,N,EXACT,1.0
9,HARYANA,JIND,29.435,76.306,0,2.5,-99,LD,133.9,272.6,-51,D,EXACT,1.0
10,HARYANA,KAITHAL,29.812,76.416,0,2.4,-100,NR,131.6,257.1,-49,D,EXACT,1.0
11,HARYANA,KARNAL,29.688,76.897,2.5,6.5,-62,LD,242.3,356,-32,D,EXACT,1.0
12,HARYANA,KURUKSHETRA,30.038,76.783,5.3,2.4,120,LE,330.4,286.3,15,N,EXACT,1.0
13,HARYANA,MAHENDRAGARH,28.171,76.138,0.1,5.2,-99,LD,284.1,291,-2,N,EXACT,1.0
14,HARYANA,NUH,27.985,77.049,0.3,3.9,-93,LD,329,322.8,2,N,EXACT,1.0
15,HARYANA,PALWAL,28.06,77.332,0,3.6,-100,NR,330.8,277.5,19,N,EXACT,1.0
16,HARYANA,PANCHKULA,30.681,76.976,74.4,8.6,765,LE,337.5,616.8,-45,D,EXACT,1.0
17,HARYANA,PANIPAT,29.334,76.927,1.1,8.3,-87,LD,260.7,306.5,-15,N,EXACT,1.0
18,HARYANA,REWARI,28.243,76.537,0,4.7,-100,NR,321.9,309.2,4,N,EXACT,1.0
19,HARYANA,ROHTAK,28.911,76.53,4.2,4.2,0,N,207.9,326.7,-36,D,EXACT,1.0
20,HARYANA,SIRSA,29.616,74.901,0,1.9,-100,NR,83.9,158.4,-47,D,EXACT,1.0
21,HARYANA,SONEPAT,29.057,76.875,8.1,4.2,93,LE,238.8,326,-27,D,EXACT,1.0
22,HARYANA,YAMUNA NAGAR,30.234,77.301,13.8,20,-31,D,601.6,653,-8,N,EXACT,1.0
1,DELHI,CENTRAL DELHI,28.694,77.216,0,8.5,-100,NR,567.7,463.3,23,E,EXACT,1.0
2,DELHI,EAST DELHI,28.62,77.296,0,8.5,-100,NR,467.2,463.3,1,N,EXACT,1.0
3,DELHI,NEW DELHI,28.577,77.147,0.1,6.1,-98,LD,397.6,429.7,-7,N,EXACT,1.0
4,DELHI,NORTH DELHI,28.794,77.108,3.7,,,ND,,390.1,,ND,EXACT,1.0
5,DELHI,NORTH EAST DELHI,28.719,77.257,0,8.5,-100,NR,419.7,463.3,-9,N,EXACT,1.0
6,DELHI,NORTH WEST DELHI,28.727,77.042,5,5.1,-2,N,310.5,278.5,11,N,EXACT,1.0
7,DELHI,SOUTH DELHI,28.483,77.191,0,8.5,-100,NR,447.8,463.3,-3,N,EXACT,1.0
8,DELHI,SOUTH EAST DELHI,28.543,77.274,0,8.5,-100,NR,503,463.3,9,N,EXACT,1.0
9,DELHI,SOUTH WEST DELHI,28.576,76.967,0,3.2,-100,NR,336.8,373.6,-10,N,EXACT,1.0
10,DELHI,WEST DELHI,28.656,77.065,0.3,5.6,-96,LD,471.8,415.5,14,N,EXACT,1.0
1,CHANDIGARH,CHANDIGARH,30.729,76.781,59,8.1,628,LE,532.6,626.9,-15,N,EXACT,1.0
1,PUNJAB,AMRITSAR,31.706,74.899,0.1,3.7,-96,LD,317.6,337.6,-6,N,EXACT,1.0
2,PUNJAB,BARNALA,30.388,75.499,0,2.9,-100,NR,112.5,263.6,-57,D,EXACT,1.0
3,PUNJAB,BHATINDA,30.184,75.039,0,2.2,-100,NR,120.7,213.6,-43,D,EXACT,1.0
4,PUNJAB,FARIDKOT,30.613,74.779,0,0.9,-100,NR,223.8,212.1,6,N,EXACT,1.0
5,PUNJAB,FATEHGARH SAHIB,30.642,76.376,8.9,2.2,305,LE,129.9,349.2,-63,LD,EXACT,1.0
6,PUNJAB,FAZILKA,30.278,74.165,0,2.1,-100,NR,106.6,185.7,-43,D,EXACT,1.0
7,PUNJAB,FEROZEPUR,30.914,74.704,0,2.1,-100,NR,120.9,175.5,-31,D,EXACT,1.0
8,PUNJAB,GURDASPUR,31.917,75.291,103.4,5.6,1746,LE,635.5,452.1,41,E,EXACT,1.0
9,PUNJAB,HOSHIARPUR,31.625,75.858,52.4,7,648,LE,214.5,453.6,-53,D,EXACT,1.0
10,PUNJAB,JALANDHAR,31.213,75.566,0.8,3,-73,LD,222.5,376.3,-41,D,EXACT,1.0
11,PUNJAB,KAPURTHALA,31.354,75.4,0,3.2,-100,NR,133.1,331.3,-60,LD,EXACT,1.0
12,PUNJAB,LUDHIANA,30.805,75.833,3.7,2.6,43,E,203.2,328,-38,D,EXACT,1.0
13,PUNJAB,MANSA,29.909,75.437,0,1.7,-100,NR,58,195.9,-70,LD,EXACT,1.0
14,PUNJAB,MOGA,30.763,75.172,0,2.1,-100,NR,139.9,206.6,-32,D,EXACT,1.0
15,PUNJAB,MUKTSAR,30.3,74.538,0,2.6,-100,NR,94.2,224.8,-58,D,EXACT,1.0
16,PUNJAB,PATHANKOT,32.297,75.616,84.7,11.9,612,LE,932.2,717,30,E,EXACT,1.0
17,PUNJAB,PATIALA,30.283,76.351,4.2,4.6,-9,N,248.3,378.8,-34,D,EXACT,1.0
18,PUNJAB,RUPNAGAR,31.062,76.488,61,9.7,529,LE,405.3,586.2,-31,D,EXACT,1.0
19,PUNJAB,SANGRUR,30.211,75.869,0,3.3,-100,NR,129.6,273.9,-53,D,EXACT,1.0
20,PUNJAB,SAS NAGAR (MOHALI),30.682,76.739,8.1,9.2,-12,N,203.7,453.1,-55,D,EXACT,1.0
21,PUNJAB,SBS NAGAR,31.11,76.154,11,5.5,100,LE,308.4,546.6,-44,D,EXACT,1.0
22,PUNJAB,TARN TARAN,31.337,74.841,0,0.5,-100,NR,117.1,193.2,-39,D,EXACT,1.0
1,HIMACHAL PRADESH,BILASPUR,31.371,76.67,70.1,10.2,587,LE,611.2,597.6,2,N,EXACT,1.0
2,HIMACHAL PRADESH,CHAMBA,32.675,76.351,21.7,7.1,205,LE,621.3,639.2,-3,N,EXACT,1.0
3,HIMACHAL PRADESH,HAMIRPUR,31.667,76.525,91.5,11.7,682,LE,465.3,718.8,-35,D,EXACT,1.0
4,HIMACHAL PRADESH,KANGRA,32.108,76.316,88.5,21.2,317,LE,1134.7,1204.2,-6,N,EXACT,1.0
5,HIMACHAL PRADESH,KINNAUR,31.599,78.405,0.1,3,-96,LD,194.4,160,21,E,EXACT,1.0
6,HIMACHAL PRADESH,KULLU,31.903,77.399,10.3,4,156,LE,455.9,399.1,14,N,EXACT,1.0
7,HIMACHAL PRADESH,LAHAUL & SPITI,32.48,77.618,3.5,3.2,9,N,109.3,257.3,-58,D,EXACT,1.0
8,HIMACHAL PRADESH,MANDI,31.637,76.991,16.5,12.7,30,E,718.5,837.1,-14,N,EXACT,1.0
9,HIMACHAL PRADESH,SHIMLA,31.197,77.632,14.9,5.4,176,LE,610,456.4,34,E,EXACT,1.0
10,HIMACHAL PRADESH,SIRMAUR,30.667,77.431,45.8,15.2,202,LE,979,878.9,11,N,EXACT,1.0
11,HIMACHAL PRADESH,SOLAN,31.045,76.91,21.4,8.7,146,LE,662.3,643.1,3,N,EXACT,1.0
12,HIMACHAL PRADESH,UNA,31.579,76.21,78.5,11.1,607,LE,620.2,693.5,-11,N,EXACT,1.0
1,JAMMU & KASHMIR,ANANTNAG,33.827,75.321,0.4,1.4,-69,LD,255.4,228.8,12,N,EXACT,1.0
2,JAMMU & KASHMIR,BADGAM,33.925,74.64,0,2.2,-100,NR,120,153,-22,D,EXACT,1.0
3,JAMMU & KASHMIR,BANDIPORA,34.491,74.875,0,2.7,-100,NR,169.7,160.8,6,N,EXACT,1.0
4,JAMMU & KASHMIR,BARAMULA,34.165,74.309,3,1.7,78,LE,244.7,154.7,58,E,EXACT,1.0
5,JAMMU & KASHMIR,DODA,33.09,75.707,5.4,2,170,LE,341.9,306.7,11,N,EXACT,1.0
6,JAMMU & KASHMIR,GANDERBAL,34.282,75.025,0.9,1.8,-49,D,286.7,186.7,54,E,EXACT,1.0
7,JAMMU & KASHMIR,JAMMU,32.798,74.749,42.4,8.9,377,LE,635.9,698.8,-9,N,EXACT,1.0
8,JAMMU & KASHMIR,KATHUA,32.577,75.589,45.7,17.5,161,LE,838.6,928.9,-10,N,EXACT,1.0
9,JAMMU & KASHMIR,KISTWAR,33.553,75.966,0,2,-100,NR,162,306.7,-47,D,EXACT,1.0
10,JAMMU & KASHMIR,KULGAM,33.603,74.843,1.2,1.3,-8,N,231.6,230.1,1,N,EXACT,1.0
11,JAMMU & KASHMIR,KUPWARA,34.523,74.204,0.6,2.4,-73,LD,192.7,189.9,1,N,EXACT,1.0
12,JAMMU & KASHMIR,POONCH,33.803,74.014,1.8,2.3,-24,D,676.3,477.9,42,E,EXACT,1.0
13,JAMMU & KASHMIR,PULWAMA,33.94,75.017,0,0.9,-100,NR,221,138.4,60,LE,EXACT,1.0
14,JAMMU & KASHMIR,RAJOURI,33.273,74.38,0.8,7.7,-90,LD,570.6,484.5,18,N,EXACT,1.0
15,JAMMU & KASHMIR,RAMBAN,33.323,75.195,17.7,4.6,284,LE,413.3,286.3,44,E,EXACT,1.0
16,JAMMU & KASHMIR,REASI,33.229,74.841,42.4,17.8,138,LE,950.4,1153.1,-18,N,EXACT,1.0
17,JAMMU & KASHMIR,SAMBA,32.578,75.094,85,1.6,5213,LE,844,584.4,44,E,EXACT,1.0
18,JAMMU & KASHMIR,SHOPIAN,33.733,74.818,0,0.8,-100,NR,104.5,209.8,-50,D,EXACT,1.0
19,JAMMU & KASHMIR,SRINAGAR,34.116,74.927,0,1.6,-100,NR,213.4,173.6,23,E,EXACT,1.0
20,JAMMU & KASHMIR,UDHAMPUR,32.894,75.303,32.2,5.4,496,LE,1180.9,730.2,62,LE,EXACT,1.0
1,LADAKH,KARGIL,33.886,76.508,0,0,-100,NR,21.6,6.3,210,LE,EXACT,1.0
2,LADAKH,LADAKH (LEH),35.036,76.806,0,0.1,-100,NR,55.3,18.6,194,LE,EXACT,1.0
1,RAJASTHAN,AJMER,26.233,74.772,0,3.5,-100,NR,309.1,341.7,-10,N,EXACT,1.0
2,RAJASTHAN,ALWAR,27.591,76.601,0.1,4.7,-98,LD,349,392.9,-11,N,EXACT,1.0
3,RAJASTHAN,BANSWARA,23.478,74.365,1.1,9.4,-89,LD,367.3,612.9,-40,D,EXACT,1.0
4,RAJASTHAN,BARAN,24.995,76.748,0.6,12.1,-95,LD,474.6,618.1,-23,D,EXACT,1.0
5,RAJASTHAN,BHARATPUR,27.248,77.276,0,4.5,-100,NR,481.7,381.8,26,E,EXACT,1.0
6,RAJASTHAN,BHILWARA,25.481,74.727,0,6.1,-100,NR,336.5,447.4,-25,D,EXACT,1.0
7,RAJASTHAN,BUNDI,25.488,75.792,0,5.5,-100,NR,345.4,478.5,-28,D,EXACT,1.0
8,RAJASTHAN,CHITTORGARH,24.822,74.774,0,8.5,-100,NR,449.7,523.5,-14,N,EXACT,1.0
9,RAJASTHAN,DAUSA,26.858,76.51,0,4.6,-100,NR,411.2,438.2,-6,N,EXACT,1.0
10,RAJASTHAN,DHOLPUR,26.681,77.702,0,5.6,-100,NR,438.5,414.1,6,N,EXACT,1.0
11,RAJASTHAN,DUNGARPUR,23.731,73.854,0,5.9,-100,NR,340.4,495.5,-31,D,EXACT,1.0
12,RAJASTHAN,JAIPUR,26.977,75.719,0,5.1,-100,NR,298.6,388.6,-23,D,EXACT,1.0
13,RAJASTHAN,JHALAWAR,24.336,76.194,0,12.1,-100,NR,531.5,626.4,-15,N,EXACT,1.0
14,RAJASTHAN,JHUNJHUNU,28.092,75.55,0,3.2,-100,NR,393.1,304,29,E,EXACT,1.0
15,RAJASTHAN,KARAULI,26.523,76.958,0,5.8,-100,NR,347.2,440.5,-21,D,EXACT,1.0
16,RAJASTHAN,KOTA,25.109,76.104,0,11,-100,NR,379.4,543.7,-30,D,EXACT,1.0
17,RAJASTHAN,PRATAPGARH,24.03,74.651,0.4,10.5,-96,LD,583.2,633.7,-8,N,EXACT,1.0
18,RAJASTHAN,RAJSAMAND,25.228,73.891,0,5.3,-100,NR,303.9,393.2,-23,D,EXACT,1.0
19,RAJASTHAN,SAWAI MADHOPUR,26.218,76.461,0,5.3,-100,NR,311.6,493.7,-37,D,EXACT,1.0
20,RAJASTHAN,SIKAR,27.634,75.288,0,4.5,-100,NR,324.7,316.2,3,N,EXACT,1.0
21,RAJASTHAN,SIROHI,24.762,72.777,0,8.8,-100,NR,409.6,648.1,-37,D,EXACT,1.0
22,RAJASTHAN,TONK,26.148,75.666,0,5.1,-100,NR,331,427.5,-23,D,EXACT,1.0
23,RAJASTHAN,UDAIPUR,24.419,73.689,0,5,-100,NR,339.2,437.9,-23,D,EXACT,1.0
1,RAJASTHAN,BARMER,25.735,71.475,0,2,-100,NR,188,203.6,-8,N,EXACT,1.0
2,RAJASTHAN,BIKANER,28.178,73.174,0,2.9,-100,NR,203.5,189.8,7,N,EXACT,1.0
3,RAJASTHAN,CHURU,28.345,74.696,0,4.1,-100,NR,264.7,251.7,5,N,EXACT,1.0
4,RAJASTHAN,HANUMANGARH,29.266,74.561,0,1.5,-100,NR,142.8,187.2,-24,D,EXACT,1.0
5,RAJASTHAN,JAISALMER,27.075,70.901,0,1.6,-100,NR,83.3,133.9,-38,D,EXACT,1.0
6,RAJASTHAN,JALORE,25.099,72.212,0,4,-100,NR,143.1,314.3,-54,D,EXACT,1.0
7,RAJASTHAN,JODHPUR,26.748,72.785,0,2.1,-100,NR,189.2,217.1,-13,N,EXACT,1.0
8,RAJASTHAN,NAGAUR,27.066,74.175,0,2.9,-100,NR,282.1,283.1,0,N,EXACT,1.0
9,RAJASTHAN,PALI,25.707,73.519,0,5.7,-100,NR,206.7,364.8,-43,D,EXACT,1.0
10,RAJASTHAN,SRI GANGANAGAR,29.397,73.571,0,1.7,-100,NR,168.7,152.4,11,N,EXACT,1.0
1,MADHYA PRADESH,AGAR-MALWA,23.815,76.089,0,10.4,-100,NR,562.2,633.3,-11,N,EXACT,1.0
2,MADHYA PRADESH,ALIRAJPUR,22.315,74.364,0,5.8,-100,NR,357.2,605.7,-41,D,EXACT,1.0
3,MADHYA PRADESH,ASHOKNAGAR,24.609,77.875,1.8,12.5,-86,LD,476.3,599.8,-21,D,EXACT,1.0
4,MADHYA PRADESH,BARWANI,21.788,75.021,0.2,6,-96,LD,462.8,449.3,3,N,EXACT,1.0
5,MADHYA PRADESH,BETUL,21.879,77.871,0.7,9.9,-93,LD,539.6,725.5,-26,D,EXACT,1.0
6,MADHYA PRADESH,BHIND,26.422,78.721,11.3,7,61,LE,504.5,425.1,19,N,EXACT,1.0
7,MADHYA PRADESH,BHOPAL,23.47,77.391,0.6,15.7,-96,LD,770.9,669.2,15,N,EXACT,1.0
8,MADHYA PRADESH,BURHANPUR,21.37,76.369,4,7.9,-50,D,688,502,37,E,EXACT,1.0
9,MADHYA PRADESH,DATIA,25.801,78.597,8.8,11.6,-25,D,406.4,525.9,-23,D,EXACT,1.0
10,MADHYA PRADESH,DEWAS,22.744,76.457,0,10.2,-100,NR,646.6,631.7,2,N,EXACT,1.0
11,MADHYA PRADESH,DHAR,22.498,75.104,0.2,6.7,-96,LD,385.9,550.8,-30,D,EXACT,1.0
12,MADHYA PRADESH,GUNA,24.556,77.199,1.3,9.9,-87,LD,752.8,666.3,13,N,EXACT,1.0
13,MADHYA PRADESH,GWALIOR,26.04,78.146,0.8,10.3,-92,LD,506.2,488.3,4,N,EXACT,1.0
14,MADHYA PRADESH,HARDA,22.233,77.123,3.5,17.9,-81,LD,590.7,787.3,-25,D,EXACT,1.0
15,MADHYA PRADESH,INDORE,22.713,75.782,0,11.5,-100,NR,501.2,588.9,-15,N,EXACT,1.0
16,MADHYA PRADESH,JHABUA,22.892,74.672,0,7.1,-100,NR,465.2,609.2,-24,D,EXACT,1.0
17,MADHYA PRADESH,KHANDWA,21.935,76.568,0.6,6.2,-90,LD,575.6,546.7,5,N,EXACT,1.0
18,MADHYA PRADESH,KHARGONE,21.919,75.771,1.8,6.2,-71,LD,618.6,494.8,25,E,EXACT,1.0
19,MADHYA PRADESH,MANDSAUR,24.204,75.405,0,11.3,-100,NR,517.4,578,-10,N,EXACT,1.0
20,MADHYA PRADESH,MORENA,26.413,77.868,0,8.2,-100,NR,279.6,461.7,-39,D,EXACT,1.0
21,MADHYA PRADESH,NARMADAPURAM,22.745,77.736,3.3,19.7,-83,LD,568.7,876.2,-35,D,EXACT,1.0
22,MADHYA PRADESH,NEEMUCH,24.592,75.142,0,10.6,-100,NR,508.9,552,-8,N,EXACT,1.0
23,MADHYA PRADESH,RAISEN,23.22,78.121,0.6,19.2,-97,LD,654.7,760.6,-14,N,EXACT,1.0
24,MADHYA PRADESH,RAJGARH,23.861,76.732,0.3,13.8,-98,LD,760.3,627.8,21,E,EXACT,1.0
25,MADHYA PRADESH,RATLAM,23.502,75.089,0.1,15.8,-99,LD,466.2,635.2,-27,D,EXACT,1.0
26,MADHYA PRADESH,SEHORE,22.988,77.127,1.9,20.7,-91,LD,703.8,741.6,-5,N,EXACT,1.0
27,MADHYA PRADESH,SHAJAPUR,23.366,76.575,0.1,14.1,-99,LD,512.2,636.5,-20,D,EXACT,1.0
28,MADHYA PRADESH,SHEOPUR,25.754,77.007,0,8.7,-100,NR,459.1,494.3,-7,N,EXACT,1.0
29,MADHYA PRADESH,SHIVPURI,25.366,77.805,2.4,8.3,-72,LD,523.6,565.5,-7,N,EXACT,1.0
30,MADHYA PRADESH,UJJAIN,23.331,75.669,0,14.3,-100,NR,517,615.2,-16,N,EXACT,1.0
31,MADHYA PRADESH,VIDISHA,23.892,77.813,1.7,17.5,-91,LD,586.2,727.4,-19,N,EXACT,1.0
1,MADHYA PRADESH,ANUPPUR,23.057,81.682,43.4,9.6,352,LE,799.9,699.8,14,N,EXACT,1.0
2,MADHYA PRADESH,BALAGHAT,21.881,80.359,9.5,15.9,-40,D,815.2,899,-9,N,EXACT,1.0
3,MADHYA PRADESH,CHHATARPUR,24.798,79.666,18.5,14.3,30,E,512.6,645.2,-21,D,EXACT,1.0
4,MADHYA PRADESH,CHHINDWARA,22.122,78.854,0.6,15.4,-96,LD,580.1,718.5,-19,N,EXACT,1.0
5,MADHYA PRADESH,DAMOH,23.812,79.527,4.9,13.7,-64,LD,638.1,773,-17,N,EXACT,1.0
6,MADHYA PRADESH,DINDORI,22.89,81.051,32,11.3,183,LE,764.8,846.9,-10,N,EXACT,1.0
7,MADHYA PRADESH,JABALPUR,23.234,79.976,11.7,15,-22,D,573.2,793.4,-28,D,EXACT,1.0
8,MADHYA PRADESH,KATNI,23.753,80.403,38.7,12.7,204,LE,540,660,-18,N,EXACT,1.0
9,MADHYA PRADESH,MANDLA,22.639,80.512,9.4,14.5,-35,D,709,870.5,-19,N,EXACT,1.0
10,MADHYA PRADESH,NARSINGHPUR,22.936,79.088,2.6,14.6,-82,LD,616.2,713.6,-14,N,EXACT,1.0
11,MADHYA PRADESH,NIWARI,25.285,78.749,21.7,18.7,16,N,484.7,520.2,-7,N,EXACT,1.0
12,MADHYA PRADESH,PANNA,24.419,80.189,69.8,13.3,425,LE,630.9,746.6,-16,N,EXACT,1.0
13,MADHYA PRADESH,REWA,24.755,81.587,27.8,8.5,228,LE,357.4,671.2,-47,D,EXACT,1.0
14,MADHYA PRADESH,SAGAR,23.85,78.76,0.1,14.8,-99,LD,528.8,760.3,-30,D,EXACT,1.0
15,MADHYA PRADESH,SATNA,24.531,80.831,60,14.9,302,LE,662,659.8,0,N,EXACT,1.0
16,MADHYA PRADESH,SEONI,22.317,79.689,1.4,12.7,-89,LD,642.2,733.5,-12,N,EXACT,1.0
17,MADHYA PRADESH,SHAHDOL,23.629,81.474,38.3,8.4,356,LE,703.6,675.1,4,N,EXACT,1.0
18,MADHYA PRADESH,SIDHI,24.221,81.834,43.7,11.5,280,LE,747.8,681.7,10,N,EXACT,1.0
19,MADHYA PRADESH,SINGRAULI,24.215,82.419,63.4,15.4,311,LE,708.3,718.5,-1,N,EXACT,1.0
20,MADHYA PRADESH,TIKAMGARH,24.883,79.016,0.1,9.7,-99,LD,450,657.4,-32,D,EXACT,1.0
21,MADHYA PRADESH,UMARIA,23.562,80.974,61.6,11.4,440,LE,758.1,703.9,8,N,EXACT,1.0
22,MADHYA PRADESH,MAIHAR,24.265,80.76,19.1,16.3,17,N,552,677.2,-18,N,EXACT,1.0
23,MADHYA PRADESH,MAUGANJ,24.667,81.88,71,10.7,564,LE,834.1,648.6,29,E,EXACT,1.0
24,MADHYA PRADESH,PANDHURNA,21.6,78.52,0.5,6.6,-92,LD,485.1,559.7,-13,N,EXACT,1.0
1,GUJARAT,AHMEDABAD,22.785,72.246,0,4.6,-100,NR,539.4,486,11,N,EXACT,1.0
2,GUJARAT,ANAND,22.46,72.787,0,6.5,-100,NR,758.7,602.4,26,E,EXACT,1.0
3,GUJARAT,ARAVALLI,23.468,73.328,0,8.3,-100,NR,386.9,602.8,-36,D,EXACT,1.0
4,GUJARAT,BANASKANTHA,24.287,72.026,0,3,-100,NR,379.3,440.9,-14,N,EXACT,1.0
5,GUJARAT,BHARUCH,21.787,72.933,0,5.7,-100,NR,746.4,534.4,40,E,EXACT,1.0
6,GUJARAT,CHHOTA UDEPUR,22.219,73.873,0.5,10.4,-95,LD,594.2,708.1,-16,N,EXACT,1.0
7,GUJARAT,DAHOD,22.862,74.113,0,6.7,-100,NR,361.1,554.9,-35,D,EXACT,1.0
8,GUJARAT,DANGS,20.804,73.701,6.5,14.1,-54,D,2270.9,1667.8,36,E,EXACT,1.0
9,GUJARAT,GANDHINAGAR,23.255,72.695,0,4.7,-100,NR,469.1,556.7,-16,N,EXACT,1.0
10,GUJARAT,KHEDA,22.837,72.952,0,5.2,-100,NR,860.6,587.2,47,E,EXACT,1.0
11,GUJARAT,MAHISAGAR,23.188,73.647,0,5.8,-100,NR,671.5,574.5,17,N,EXACT,1.0
12,GUJARAT,MEHSANA,23.611,72.466,0,4.7,-100,NR,448.3,509.7,-12,N,EXACT,1.0
13,GUJARAT,NARMADA,21.737,73.645,0,6,-100,NR,860.9,762.6,13,N,EXACT,1.0
14,GUJARAT,NAVSARI,20.816,73.092,0.8,9.4,-92,LD,2239.5,1397.4,60,LE,EXACT,1.0
15,GUJARAT,PANCHMAHAL,22.72,73.626,0,6.8,-100,NR,696.1,660.7,5,N,EXACT,1.0
16,GUJARAT,PATAN,23.77,71.758,0,3.1,-100,NR,406.7,405.3,0,N,EXACT,1.0
17,GUJARAT,SABARKANTHA,23.807,73.033,0,7.5,-100,NR,410.2,614,-33,D,EXACT,1.0
18,GUJARAT,SURAT,21.267,73.075,0,6.2,-100,NR,1455.2,973.3,50,E,EXACT,1.0
19,GUJARAT,TAPI,21.191,73.627,2.6,8.2,-68,LD,1285.9,1050,22,E,EXACT,1.0
20,GUJARAT,VADODARA,22.248,73.242,0,7.2,-100,NR,528.3,653.1,-19,N,EXACT,1.0
21,GUJARAT,VALSAD,20.418,73.119,2,10.8,-81,LD,2660.5,1571.8,69,LE,EXACT,1.0
1,DADRA & NAGAR HAVELI AND DAMAN & DIU (UT),DADARA & NAGAR HAVELI,20.194,73.071,2.1,7.5,-72,LD,2839.1,1742,63,LE,EXACT,1.0
2,DADRA & NAGAR HAVELI AND DAMAN & DIU (UT),DAMAN,20.414,72.859,1.3,7.5,-83,LD,2631.7,1742,51,E,EXACT,1.0
1,GUJARAT,AMRELI,21.425,71.249,0,2.6,-100,NR,493.1,414.2,19,N,EXACT,1.0
2,GUJARAT,BHAVNAGAR,21.585,71.913,0,2.7,-100,NR,476.2,407.8,17,N,EXACT,1.0
3,GUJARAT,BOTAD,22.117,71.699,0,3.3,-100,NR,443.2,398,11,N,EXACT,1.0
4,GUJARAT,DEVBHOOMI DWARKA,22.124,69.464,0,1.5,-99,LD,57.4,420.8,-86,LD,EXACT,1.0
5,GUJARAT,GIR SOMNATH,20.966,70.776,0,3.5,-100,NR,468.4,691.9,-32,D,EXACT,1.0
6,GUJARAT,JAMNAGAR,22.333,70.207,0,3.7,-100,NR,216,476.6,-55,D,EXACT,1.0
7,GUJARAT,JUNAGADH,21.372,70.412,0,3.6,-99,LD,589.6,679.9,-13,N,EXACT,1.0
8,GUJARAT,KUTCH,23.646,69.908,0,3.1,-100,NR,136.5,295.8,-54,D,EXACT,1.0
9,GUJARAT,MORBI,22.83,70.917,0,2.6,-100,NR,471.4,404.1,17,N,EXACT,1.0
10,GUJARAT,PORBANDAR,21.655,69.777,0,1.7,-100,NR,159.1,524.6,-70,LD,EXACT,1.0
11,GUJARAT,RAJKOT,22.021,70.744,0,2.4,-100,NR,354.4,469.6,-25,D,EXACT,1.0
12,GUJARAT,SURENDRANAGAR,22.764,71.593,0,3.1,-100,NR,480.7,372.3,29,E,EXACT,1.0
1,DADRA & NAGAR HAVELI AND DAMAN & DIU (UT),DIU,20.72,70.938,1.6,2.6,-38,D,624.6,592.3,5,N,EXACT,1.0
1,MAHARASHTRA,MUMBAI CITY,18.961,72.852,6.6,8.4,-21,D,1754.1,1587.9,10,N,EXACT,1.0
2,MAHARASHTRA,MUMBAI SUBURBAN,19.132,72.885,8.9,12.7,-30,D,2198.3,1763.6,25,E,EXACT,1.0
3,MAHARASHTRA,PALGHAR,19.794,73.019,2.7,12.6,-78,LD,2417.9,1752.5,38,E,EXACT,1.0
4,MAHARASHTRA,RAIGAD,18.52,73.218,11,18.3,-40,D,2651.1,2422,9,N,EXACT,1.0
5,MAHARASHTRA,RATNAGIRI,17.273,73.455,15.3,17.8,-14,N,2284.9,2532.7,-10,N,EXACT,1.0
6,MAHARASHTRA,SINDHUDURG,16.133,73.739,14.3,17.5,-18,N,1588.8,2395.7,-34,D,EXACT,1.0
7,MAHARASHTRA,THANE,19.361,73.321,4.8,13.8,-66,LD,1944.4,1873.3,4,N,EXACT,1.0
1,GOA,NORTH GOA,15.581,73.973,23.5,18.1,30,E,1530.7,2547.2,-40,D,EXACT,1.0
2,GOA,SOUTH GOA,15.222,74.107,8.8,18.2,-52,D,1721.4,2440.5,-29,D,EXACT,1.0
1,MAHARASHTRA,AHMEDNAGAR,19.205,74.675,1.1,1.6,-32,D,210.2,257.2,-18,N,EXACT,1.0
2,MAHARASHTRA,DHULE,21.11,74.6,1.9,3.3,-41,D,381.7,376.7,1,N,EXACT,1.0
3,MAHARASHTRA,JALGAON,20.934,75.487,0.3,6.1,-95,LD,468.7,427.9,10,N,EXACT,1.0
4,MAHARASHTRA,KOLHAPUR,16.47,74.159,11.4,9.9,15,N,1313.2,1380.6,-5,N,EXACT,1.0
5,MAHARASHTRA,NANDURBAR,21.55,74.216,0.5,4.8,-90,LD,398.5,606.4,-34,D,EXACT,1.0
6,MAHARASHTRA,NASHIK,20.26,74.071,2.7,5.4,-49,D,1062.9,635.3,67,LE,EXACT,1.0
7,MAHARASHTRA,PUNE,18.571,74.068,3.5,4.3,-18,N,967.6,687.7,41,E,EXACT,1.0
8,MAHARASHTRA,SANGLI,17.114,74.768,2.4,1.6,49,E,289.7,315.9,-8,N,EXACT,1.0
9,MAHARASHTRA,SATARA,17.67,74.172,7.8,3.8,106,LE,864.8,629.6,37,E,EXACT,1.0
10,MAHARASHTRA,SHOLAPUR,17.791,75.483,0.3,2.2,-88,LD,150.3,242.1,-38,D,EXACT,1.0
1,MAHARASHTRA,BEED,18.946,75.838,0.4,3.3,-89,LD,203.7,323.9,-37,D,EXACT,1.0
2,MAHARASHTRA,CHHATRAPATI SAMBHAJINAGAR,20.029,75.281,0.4,2.8,-87,LD,408.5,350.7,16,N,EXACT,1.0
3,MAHARASHTRA,DHARASHIV,18.188,76.038,0.1,3.2,-98,LD,263,330.7,-20,D,EXACT,1.0
4,MAHARASHTRA,HINGOLI,19.62,77.101,4.6,2.8,64,LE,319.2,531.1,-40,D,EXACT,1.0
5,MAHARASHTRA,JALNA,19.808,75.981,0,2.9,-100,NR,272.3,379.8,-28,D,EXACT,1.0
6,MAHARASHTRA,LATUR,18.374,76.76,0,4.1,-100,NR,312.1,407.9,-23,D,EXACT,1.0
7,MAHARASHTRA,NANDED,19.112,77.618,4.7,5.8,-20,D,419.5,529.2,-21,D,EXACT,1.0
8,MAHARASHTRA,PARBHANI,19.271,76.678,0.7,4.1,-84,LD,342.3,442.5,-23,D,EXACT,1.0
1,MAHARASHTRA,AKOLA,20.748,77.055,0.5,5.2,-90,LD,350.4,498.3,-30,D,EXACT,1.0
2,MAHARASHTRA,AMRAOTI,21.187,77.57,0.4,7.8,-95,LD,387,587.5,-34,D,EXACT,1.0
3,MAHARASHTRA,BHANDARA,21.122,79.759,0.4,13.1,-97,LD,672.8,777.3,-13,N,EXACT,1.0
4,MAHARASHTRA,BULDHANA,20.511,76.407,1.3,4.1,-68,LD,449.4,448.3,0,N,EXACT,1.0
5,MAHARASHTRA,CHANDRAPUR,20.118,79.44,0.9,9.4,-90,LD,532.8,778.4,-32,D,EXACT,1.0
6,MAHARASHTRA,GADCHIROLI,19.788,80.241,4.2,13.9,-70,LD,697.7,934.7,-25,D,EXACT,1.0
7,MAHARASHTRA,GONDIA,21.159,80.212,5.3,15.8,-67,LD,917.9,877.3,5,N,EXACT,1.0
8,MAHARASHTRA,NAGPUR,21.178,79.085,0,9.6,-99,LD,453.4,669.3,-32,D,EXACT,1.0
9,MAHARASHTRA,WARDHA,20.797,78.586,0.1,5.3,-98,LD,452.7,605.3,-25,D,EXACT,1.0
10,MAHARASHTRA,WASHIM,20.234,77.217,3.8,5.1,-25,D,430.1,553.6,-22,D,EXACT,1.0
11,MAHARASHTRA,YEOTMAL,20.083,78.161,2.1,5.5,-62,LD,519.1,588.8,-12,N,EXACT,1.0
1,CHHATTISGARH,BALOD,20.742,81.188,5.9,11.7,-49,D,798.7,703,14,N,EXACT,1.0
2,CHHATTISGARH,BALODA BAZAR,21.582,82.327,10,11.9,-16,N,833.2,657.7,27,E,EXACT,1.0
3,CHHATTISGARH,BALRAMPUR,23.593,83.501,122.5,11.8,938,LE,971.4,675.6,44,E,EXACT,1.0
4,CHHATTISGARH,BASTAR,19.082,81.868,1.9,11.3,-83,LD,627.4,826.5,-24,D,EXACT,1.0
5,CHHATTISGARH,BEMETARA,21.709,81.524,2.8,7.2,-61,LD,442.9,736.8,-40,D,EXACT,1.0
6,CHHATTISGARH,BIJAPUR,18.843,80.776,11.8,15,-21,D,923.1,983.3,-6,N,EXACT,1.0
7,CHHATTISGARH,BILASPUR,22.406,82.073,13.9,21,-34,D,790.4,732.6,8,N,EXACT,1.0
8,CHHATTISGARH,DANTEWADA,18.864,81.378,2.3,20.6,-89,LD,738.1,911.3,-19,N,EXACT,1.0
9,CHHATTISGARH,DHAMTARI,20.555,81.809,7.2,13.3,-46,D,759.1,734.3,3,N,EXACT,1.0
10,CHHATTISGARH,DURG,21.22,81.383,6.3,9.3,-32,D,603.5,696,-13,N,EXACT,1.0
11,CHHATTISGARH,GARIABAND,20.449,82.235,15.5,15.2,2,N,844.6,726,16,N,EXACT,1.0
12,CHHATTISGARH,GAURELA PENDRA MARWAHI,22.83,81.95,28.4,12,137,LE,720.7,752,-4,N,EXACT,1.0
13,CHHATTISGARH,JANJGIR,21.928,82.734,11.5,9.7,19,N,931.7,763.9,22,E,EXACT,1.0
14,CHHATTISGARH,JASHPUR,22.801,83.862,35.9,6.2,478,LE,649.4,960.2,-32,D,EXACT,1.0
15,CHHATTISGARH,KABIRDHAM,22.093,81.222,2.5,11,-78,LD,464.5,603.2,-23,D,EXACT,1.0
16,CHHATTISGARH,KANKER,20.138,81.123,4.3,18.5,-77,LD,586.4,942.1,-38,D,EXACT,1.0
17,CHHATTISGARH,KHAIRAGARH CHH GANDAI,21.417937,80.981938,5.8,8,-28,D,520.8,505.3,3,N,EXACT,1.0
18,CHHATTISGARH,KONDAGAON,19.746,81.665,4.3,15.8,-73,LD,643.3,813.6,-21,D,EXACT,1.0
19,CHHATTISGARH,KORBA,22.534,82.609,21.2,15.1,41,E,804.8,894.2,-10,N,EXACT,1.0
20,CHHATTISGARH,KORIYA,23.47,82.235,22.1,9.3,137,LE,657.8,779.8,-16,N,EXACT,1.0
21,CHHATTISGARH,MAHASAMUND,21.208,82.608,12.3,15.5,-21,D,938.5,732.7,28,E,EXACT,1.0
22,CHHATTISGARH,MANENDRAGARH BHARATPUR,23.596607,82.058294,23.1,9.3,149,LE,766.9,779.7,-2,N,EXACT,1.0
23,CHHATTISGARH,MOHALA MANPUR CHOWKI,20.85,80.75,2.6,10.3,-74,LD,613.8,728.8,-16,N,EXACT,1.0
24,CHHATTISGARH,MUNGELI,22.241,81.73,7.5,6.5,16,N,836.1,669.1,25,E,EXACT,1.0
25,CHHATTISGARH,NARAYANPUR,19.57,81.086,2.2,20.1,-89,LD,1063.3,868.4,22,E,EXACT,1.0
26,CHHATTISGARH,RAIGARH,22.085,83.303,30.9,10.8,186,LE,791.3,822.1,-4,N,EXACT,1.0
27,CHHATTISGARH,RAIPUR,21.286,81.82,5.5,12.1,-54,D,803.7,710.8,13,N,EXACT,1.0
28,CHHATTISGARH,RAJNANDGAON,21.04,80.82,10.2,12.9,-21,D,638.4,735.1,-13,N,EXACT,1.0
29,CHHATTISGARH,SAKTI,22.03,82.96,13.3,7.8,71,LE,777.6,772.1,1,N,EXACT,1.0
30,CHHATTISGARH,SARANGARH BILAIGARH,21.59,83.08,13.4,8.1,66,LE,1004.8,644.4,56,E,EXACT,1.0
31,CHHATTISGARH,SUKMA,18.256,81.347,10.1,8.8,15,N,696.7,842.2,-17,N,EXACT,1.0
32,CHHATTISGARH,SURAJPUR,23.402,82.883,41.6,13.6,206,LE,891,848.9,5,N,EXACT,1.0
33,CHHATTISGARH,SURGUJA,22.929,83.227,29.5,11.5,157,LE,488.1,840.7,-42,D,EXACT,1.0
1,ANDHRA PRADESH,ANAKAPALLI,17.691,83.003,0,5.2,-100,NR,257.2,381.7,-33,D,EXACT,1.0
2,ANDHRA PRADESH,BAPATLA,15.904,80.467,3.5,2.6,35,E,134.9,322.4,-58,D,EXACT,1.0
3,ANDHRA PRADESH,DR B R AMBEDKAR KONASEEMA,16.605,82.018,0,5.4,-100,NR,426.2,507.5,-16,N,EXACT,1.0
4,ANDHRA PRADESH,EAST GODAVARI,17.27,81.896,5.6,6.5,-14,N,309.7,480.3,-36,D,EXACT,1.0
5,ANDHRA PRADESH,ELURU,16.71,81.095,11,9.3,18,N,363.9,580.1,-37,D,EXACT,1.0
6,ANDHRA PRADESH,GUNTUR,16.293,80.079,1.8,5,-64,LD,286.1,379.5,-25,D,EXACT,1.0
7,ANDHRA PRADESH,KAKINADA,16.989,82.247,3.3,6.7,-51,D,286.3,430.2,-33,D,EXACT,1.0
8,ANDHRA PRADESH,KRISHNA,16.556,80.798,2.7,5.9,-55,D,278.5,435.9,-36,D,EXACT,1.0
9,ANDHRA PRADESH,NTR DISTRICT,16.514079,80.631795,4.1,6.3,-35,D,311.2,459.3,-32,D,EXACT,1.0
10,ANDHRA PRADESH,PALNADU,16.577,79.738,0.6,4.2,-85,LD,207.1,341.1,-39,D,EXACT,1.0
11,ANDHRA PRADESH,PARVATHIPURAM MANYAM,18.783,83.426,0,7,-100,NR,278,499.2,-44,D,EXACT,1.0
12,ANDHRA PRADESH,PRAKASAM,15.616,79.516,0.4,2,-78,LD,96.8,208.9,-54,D,EXACT,1.0
13,ANDHRA PRADESH,SPSR NELLORE,14.442,79.987,0,3.1,-100,NR,124.3,189.4,-34,D,EXACT,1.0
14,ANDHRA PRADESH,SRI ALLURI SITHARAMARAJU DISTRICT,,,4.5,8,-44,D,314,615.9,-49,D,EXACT,1.0
15,ANDHRA PRADESH,SRIKAKULAM,18.599,84.024,0.2,4.9,-97,LD,262.6,447.5,-41,D,EXACT,1.0
16,ANDHRA PRADESH,VISHAKHAPATNAM,17.725142,83.294196,0,3.6,-100,NR,233.3,341,-32,D,EXACT,1.0
17,ANDHRA PRADESH,VIZIANAGARAM,18.475,83.385,0,5.5,-100,NR,296.9,425.6,-30,D,EXACT,1.0
18,ANDHRA PRADESH,WEST GODAVARI,16.937,81.384,4.5,7.1,-36,D,234.4,487.8,-52,D,EXACT,1.0
1,PUDUCHERRY (UT),YANAM,16.722,82.257,10.2,6.7,52,E,285.4,465.3,-39,D,EXACT,1.0
1,TELANGANA,ADILABAD,19.52,78.566,5.6,6.4,-12,N,566.1,677.1,-16,N,EXACT,1.0
2,TELANGANA,B. KOTHAGUDEM,17.688,80.71,10.9,9.2,19,N,491.9,669.2,-26,D,EXACT,1.0
3,TELANGANA,HANUMAKONDA,18.005,79.77,5.8,4.6,26,E,282.7,458.9,-38,D,EXACT,1.0
4,TELANGANA,HYDERABAD,17.395,78.47,5.7,4.5,26,E,275.2,397.4,-31,D,EXACT,1.0
5,TELANGANA,J. BHUPALPALLY,18.502,79.925,7.9,11.9,-34,D,656.3,676.3,-3,N,EXACT,1.0
6,TELANGANA,JAGTIAL,18.833,78.875,16,4.8,234,LE,637.6,548.7,16,N,EXACT,1.0
7,TELANGANA,JANGAON,17.735,79.274,2.1,4.9,-57,D,250.5,453.4,-45,D,EXACT,1.0
8,TELANGANA,JOGULAMBA GADWAL,16.072,77.781,6.9,2.8,146,LE,180.5,269.9,-33,D,EXACT,1.0
9,TELANGANA,KAMAREDDY,18.325,78.062,0.5,6.5,-93,LD,657,522.5,26,E,EXACT,1.0
10,TELANGANA,KARIMNAGAR,18.379,79.235,7.4,5.8,28,E,450,473.7,-5,N,EXACT,1.0
11,TELANGANA,KHAMMAM,17.2,80.361,7.3,7,4,N,393.4,525.3,-25,D,EXACT,1.0
12,TELANGANA,KUMARAM BHEEM,19.359,79.417,4.9,12.2,-60,LD,829.7,698.3,19,N,EXACT,1.0
13,TELANGANA,M. MALKAJGIRI,17.544,78.558,2.7,2.1,29,E,184.2,319.2,-42,D,EXACT,1.0
14,TELANGANA,MAHABUBABAD,17.668,79.984,9.2,11,-17,N,472.1,599.1,-21,D,EXACT,1.0
15,TELANGANA,MAHABUBNAGAR,16.759,77.99,0.7,4,-83,LD,296.5,320.1,-7,N,EXACT,1.0
16,TELANGANA,MANCHERIAL,18.996,79.514,8.2,7.5,9,N,742,661.8,12,N,EXACT,1.0
17,TELANGANA,MEDAK,17.955,78.26,1,5.5,-82,LD,519.6,537.3,-3,N,EXACT,1.0
18,TELANGANA,MULUGU,18.289,80.337,8.5,10.2,-16,N,731.6,699,5,N,EXACT,1.0
19,TELANGANA,NAGARKURNOOL,16.388,78.588,1.7,3.8,-55,D,214.4,290,-26,D,EXACT,1.0
20,TELANGANA,NALGONDA,16.877,79.193,5,4.7,7,N,159.5,310.8,-49,D,EXACT,1.0
21,TELANGANA,NARAYANPET,16.643,77.58,4.2,3.3,26,E,294.2,281.6,4,N,EXACT,1.0
22,TELANGANA,NIRMAL,19.113,78.315,9.2,6.8,36,E,357.6,620.7,-42,D,EXACT,1.0
23,TELANGANA,NIZAMABAD,18.702,78.211,9.3,6.1,53,E,549.8,567.9,-3,N,EXACT,1.0
24,TELANGANA,PEDDAPALLE,18.621,79.452,8.7,7.1,22,E,558.2,612.4,-9,N,EXACT,1.0
25,TELANGANA,RAJANNA SIRCILLA,18.416,78.761,3.7,4.9,-24,D,498.4,467,7,N,EXACT,1.0
26,TELANGANA,RANGAREDDY,17.131,78.413,5.1,4.2,21,E,292,334.8,-13,N,EXACT,1.0
27,TELANGANA,SANGAREDDY,17.784,77.875,2.4,6.1,-61,LD,335.1,468.2,-28,D,EXACT,1.0
28,TELANGANA,SIDDIPET,18.01,78.849,1.7,3.8,-56,D,372.5,417.2,-11,N,EXACT,1.0
29,TELANGANA,SURYAPET,17.081,79.754,1.1,4.8,-76,LD,278.1,401.9,-31,D,EXACT,1.0
30,TELANGANA,VIKARABAD,17.254,77.746,0.7,4.6,-84,LD,354.1,415.6,-15,N,EXACT,1.0
31,TELANGANA,WANAPARTHY,16.294,78.038,9.9,5.8,71,LE,234.9,341.2,-31,D,EXACT,1.0
32,TELANGANA,WARANGAL,17.978,79.594,8.3,9.6,-14,N,354.8,630.8,-44,D,EXACT,1.0
33,TELANGANA,Y. BHUVANAGIRI,17.452,78.981,3.7,2.8,32,E,190.9,350.1,-45,D,EXACT,1.0
1,TAMILNADU,ARIYALUR,11.162,79.242,0,2.6,-100,NR,175.7,146.7,20,E,EXACT,1.0
2,TAMILNADU,CHENGALPATTU,12.58,80.0,0,4.8,-100,NR,83,226.1,-63,LD,EXACT,1.0
3,TAMILNADU,CHENNAI,13.063,80.232,0,4.4,-99,LD,237.8,256.4,-7,N,EXACT,1.0
4,TAMILNADU,COIMBATORE,10.878,76.976,2.3,5.1,-54,D,546.9,509,7,N,EXACT,1.0
5,TAMILNADU,CUDDALORE,11.536,79.45,10.6,3.6,196,LE,183.9,179.2,3,N,EXACT,1.0
6,TAMILNADU,DHARMAPURI,12.101,78.193,0,3.6,-100,NR,139,175.2,-21,D,EXACT,1.0
7,TAMILNADU,DINDIGUL,10.392,77.82,0.2,3.7,-94,LD,89.9,130.1,-31,D,EXACT,1.0
8,TAMILNADU,ERODE,11.518,77.413,0.1,2.8,-96,LD,99.4,126.8,-22,D,EXACT,1.0
9,TAMILNADU,KALLAKURICHI,11.798,79.011,4.2,3.3,28,E,153.6,195.8,-22,D,EXACT,1.0
10,TAMILNADU,KANCHEEPURAM,12.826,79.828,0.1,4.5,-97,LD,175.1,261.6,-33,D,EXACT,1.0
11,TAMILNADU,KANYAKUMARI,8.307,77.36,0,3.2,-99,LD,368.4,339.4,9,N,EXACT,1.0
12,TAMILNADU,KARUR,10.844,78.135,0.3,1.9,-87,LD,36.1,73,-51,D,EXACT,1.0
13,TAMILNADU,KRISHNAGIRI,12.491,78.031,0.4,4.4,-91,LD,109.8,161.3,-32,D,EXACT,1.0
14,TAMILNADU,MADURAI,9.923,78.005,0,3.4,-99,LD,102.7,138,-26,D,EXACT,1.0
15,TAMILNADU,MAYILADUTHURAI,11.103,79.655,0.7,2.3,-71,LD,103.6,150,-31,D,EXACT,1.0
16,TAMILNADU,NAGAPATTINAM,10.809,79.729,0,2,-100,NR,61.5,118.6,-48,D,EXACT,1.0
17,TAMILNADU,NAMAKKAL,11.319,78.136,1.5,3.3,-56,D,68.6,152.5,-55,D,EXACT,1.0
18,TAMILNADU,NILGIRIS,11.456,76.64,5.6,6.1,-9,N,421.5,591.3,-29,D,EXACT,1.0
19,TAMILNADU,PERAMBALUR,11.275,78.89,3.5,6.2,-44,D,140.1,116.5,20,E,EXACT,1.0
20,TAMILNADU,PUDUKKOTTAI,10.36,78.879,0,3.3,-100,NR,141.2,145.3,-3,N,EXACT,1.0
21,TAMILNADU,RAMANATHAPURAM,9.449,78.691,0,0.7,-100,NR,29.1,58.4,-50,D,EXACT,1.0
22,TAMILNADU,RANIPET,12.952,79.459,0.4,4.7,-92,LD,185.9,255.6,-27,D,EXACT,1.0
23,TAMILNADU,SALEM,11.678,78.223,6.7,4.4,52,E,157.7,201.5,-22,D,EXACT,1.0
24,TAMILNADU,SIVAGANGA,9.919,78.591,0,4.8,-100,NR,175.5,169.8,3,N,EXACT,1.0
25,TAMILNADU,TENKASI,9.087,77.46,0,1.2,-100,NR,166.2,112.6,48,E,EXACT,1.0
26,TAMILNADU,THANJAVUR,10.671,79.241,0,3,-99,LD,112.5,144.6,-22,D,EXACT,1.0
27,TAMILNADU,THENI,9.892,77.438,0.7,2.9,-77,LD,151,116.3,30,E,EXACT,1.0
28,TAMILNADU,THIRUCHIRAPALLI,10.891,78.57,0,3.3,-100,NR,80.9,114.8,-30,D,EXACT,1.0
29,TAMILNADU,THIRUVALLUR,13.244,79.933,1,4.6,-79,LD,208.6,260.8,-20,D,EXACT,1.0
30,TAMILNADU,THOOTHUKUDI,8.891,78.004,0,0.3,-100,NR,8.4,23.8,-65,LD,EXACT,1.0
31,TAMILNADU,TIRUNELVELI,8.575,77.604,0,0.5,-100,NR,352.6,49.1,618,LE,EXACT,1.0
32,TAMILNADU,TIRUPATTUR,12.585,78.644,0.5,4.8,-90,LD,84,219.8,-62,LD,EXACT,1.0
33,TAMILNADU,TIRUPPUR,10.839,77.407,0,1.8,-100,NR,25.1,59.6,-58,D,EXACT,1.0
34,TAMILNADU,TIRUVANNAMALAI,12.432,79.166,0.3,4.6,-93,LD,135.8,236.4,-43,D,EXACT,1.0
35,TAMILNADU,TIRUVARUR,10.703,79.529,0,3.1,-100,NR,127.6,139.7,-9,N,EXACT,1.0
36,TAMILNADU,VELLORE,12.901,78.954,0.4,5.1,-92,LD,132.5,232,-43,D,EXACT,1.0
37,TAMILNADU,VILLUPURAM,12.123,79.527,0.6,3.9,-86,LD,149,208.5,-29,D,EXACT,1.0
38,TAMILNADU,VIRUDHUNAGAR,9.492,77.906,0,1.8,-100,NR,77.6,82.4,-6,N,EXACT,1.0
1,PUDUCHERRY (UT),KARAIKAL,10.95,79.803,0,1.9,-100,NR,202.2,146.1,38,E,EXACT,1.0
2,PUDUCHERRY (UT),PUDUCHERRY,11.911,79.734,0,3.6,-100,NR,82.1,205.2,-60,LD,EXACT,1.0
1,KARNATAKA,BAGALKOTE,16.221,75.626,4.4,1.6,173,LE,191.7,188.4,2,N,EXACT,1.0
2,KARNATAKA,BELAGAVI,16.121,74.824,3.4,2.7,26,E,511.6,420.2,22,E,EXACT,1.0
3,KARNATAKA,BIDAR,17.952,77.225,0.1,4.2,-97,LD,350.7,395,-11,N,EXACT,1.0
4,KARNATAKA,DHARWAD,15.39,75.152,5.3,2.7,97,LE,219.2,367.7,-40,D,EXACT,1.0
5,KARNATAKA,GADAG,15.431,75.665,5.8,1.9,207,LE,179,198.7,-10,N,EXACT,1.0
6,KARNATAKA,HAVERI,14.739,75.417,1.9,3.2,-42,D,243.8,359.4,-32,D,EXACT,1.0
7,KARNATAKA,KALABURAGI,17.26,76.869,0,3.7,-99,LD,185.7,338.9,-45,D,EXACT,1.0
8,KARNATAKA,KOPPAL,15.563,76.222,6.4,2,219,LE,141,193.4,-27,D,EXACT,1.0
9,KARNATAKA,RAICHUR,16.091,76.892,1.4,2,-30,D,184.5,229.7,-20,D,EXACT,1.0
10,KARNATAKA,VIJAYAPURA,16.794,75.953,0.7,1.8,-61,LD,156.7,201.8,-22,D,EXACT,1.0
11,KARNATAKA,YADGIR,16.627,76.913,2.5,3.5,-28,D,259.8,299.7,-13,N,EXACT,1.0
1,KARNATAKA,BALLARI,15.11,76.533,6.4,1.9,236,LE,116.4,187,-38,D,EXACT,1.0
2,KARNATAKA,BENGALURU RURAL,13.227,77.574,0,4.1,-100,NR,191.5,221.6,-14,N,EXACT,1.0
3,KARNATAKA,BENGALURU URBAN,12.952,77.594,0,5.1,-100,NR,104.2,228.6,-54,D,EXACT,1.0
4,KARNATAKA,CHAMARAJANAGAR,11.958,77.098,0,3,-100,NR,122.3,180.1,-32,D,EXACT,1.0
5,KARNATAKA,CHIKABALLAPURA,13.578,77.835,0.1,3.1,-97,LD,144.2,213,-32,D,EXACT,1.0
6,KARNATAKA,CHIKKAMAGALURU,13.455,75.691,5.5,11.5,-52,D,1134.1,1205.4,-6,N,EXACT,1.0
7,KARNATAKA,CHITRADURGA,14.169,76.515,0.8,2.4,-69,LD,122.8,152.2,-19,N,EXACT,1.0
8,KARNATAKA,DAVANGERE,14.409,75.954,3.4,3.1,11,N,220.6,235.6,-6,N,EXACT,1.0
9,KARNATAKA,HASSAN,12.996,76.108,0,4.9,-100,NR,179.5,490.9,-63,LD,EXACT,1.0
10,KARNATAKA,KODAGU,12.325,75.801,10,15.5,-36,D,1332.6,1844.5,-28,D,EXACT,1.0
11,KARNATAKA,KOLAR,13.14,78.218,0,3.3,-100,NR,105,207.6,-49,D,EXACT,1.0
12,KARNATAKA,MANDYA,12.611,76.797,0.9,3.8,-76,LD,85.2,149.4,-43,D,EXACT,1.0
13,KARNATAKA,MYSURU,12.211,76.44,11.8,3.6,228,LE,138.2,234.5,-41,D,EXACT,1.0
14,KARNATAKA,RAMANAGARA,12.679,77.335,0,4.9,-100,NR,19,232.4,-92,LD,EXACT,1.0
15,KARNATAKA,SHIVAMOGGA,14.043,75.22,6.9,12,-42,D,1293.5,1333.6,-3,N,EXACT,1.0
16,KARNATAKA,TUMAKURU,13.522,76.946,0,3.2,-100,NR,105.6,185.4,-43,D,EXACT,1.0
17,KARNATAKA,VIJAYANAGARA,15.139,76.921,3.7,2.9,28,E,119.5,207.7,-42,D,EXACT,1.0
1,KARNATAKA,DAKSHINA KANNADA,12.853,75.251,31.8,24.8,28,E,2166.8,2717.3,-20,D,EXACT,1.0
2,KARNATAKA,UDUPI,13.498,74.872,45.1,31.8,42,E,2297.5,3081.2,-25,D,EXACT,1.0
3,KARNATAKA,UTTARA KANNADA,14.792,74.62,13.9,21,-34,D,1707.2,2277.5,-25,D,EXACT,1.0
1,KERALA,ALAPUZHA,9.427,76.448,1.9,10,-81,LD,927.4,1254.7,-26,D,EXACT,1.0
2,KERALA,ERNAKULAM,10.084,76.546,7.7,12.7,-39,D,1274.7,1664,-23,D,EXACT,1.0
3,KERALA,IDUKKI,9.84,77.057,1.3,15.6,-91,LD,1091.8,2018.3,-46,D,EXACT,1.0
4,KERALA,KANNUR,12.001,75.524,19.6,17.1,14,N,2009.6,2193.1,-8,N,EXACT,1.0
5,KERALA,KASARGOD,12.462,75.152,19.9,17.8,12,N,2013.6,2386.9,-16,N,EXACT,1.0
6,KERALA,KOLLAM,8.962,76.873,0.1,7.8,-99,LD,665.6,933.9,-29,D,EXACT,1.0
7,KERALA,KOTTAYAM,9.637,76.651,1.8,12.2,-86,LD,1386.7,1485.7,-7,N,EXACT,1.0
8,KERALA,KOZHIKODE,11.485,75.834,7.3,16.4,-56,D,1860.4,2123.3,-12,N,EXACT,1.0
9,KERALA,MALAPPURAM,11.134,76.155,5.8,11.7,-51,D,1265.7,1591.6,-20,D,EXACT,1.0
10,KERALA,PALAKKAD,10.795,76.557,3.1,10.7,-71,LD,933.9,1254.6,-26,D,EXACT,1.0
11,KERALA,PATHANAMTHITTA,9.285,76.927,2.4,11.6,-79,LD,1196.8,1200,0,N,EXACT,1.0
12,KERALA,THIRUVANANTHAPURAM,8.609,77.013,0,4.9,-100,NR,608,608.7,0,N,EXACT,1.0
13,KERALA,THRISSUR,10.472,76.315,4.1,13.3,-69,LD,1261.3,1708.7,-26,D,EXACT,1.0
14,KERALA,WYNAD,11.712,76.098,2.9,13.2,-78,LD,994.5,2047.4,-51,D,EXACT,1.0
1,PUDUCHERRY (UT),MAHE,11.726,75.54,12.4,16.4,-24,D,1597,1997,-20,D,EXACT,1.0
1,LAKSHADWEEP,LAKSHADWEEP,10.449,72.953,12.5,9.8,28,E,575.8,757.1,-24,D,EXACT,1.0
