0,1,2,3,4,5,6,7,8,9,10,11,12,13
,,,DAY: 10-10-2026,,,,PERIOD: 01-10-2026 to 10-10-2026,,,,,,
S.No,MET.SUBDIVISION/UT/STATE/DISTRICT,ACTUAL(mm),NORMAL(mm),%DEP.,CAT.,ACTUAL(mm),NORMAL(mm),%DEP.,CAT.,,,,
,ANDAMAN & NICOBAR ISLANDS,1.5,10.3,-86%,LD,36.5,121.2,-70%,LD,,,,
1,NICOBAR,0.5,13.6,-96%,LD,18.3,113.9,-84%,LD,,,,
2,NORTH & MIDDLE ANDAMAN,3.4,10,-66%,LD,41.7,126.1,-67%,LD,,,,
3,SOUTH ANDAMAN,0,8.7,-100%,NR,42.2,120.5,-65%,LD,,,,
,ARUNACHAL PRADESH,2.4,7.7,-68%,LD,39.4,87.2,-55%,D,,,,
1,ANJAW,0,3.7,-100%,NR,36.9,88.3,-58%,D,,,,
2,CHANGLANG,4.9,5.2,-7%,N,22.1,57.6,-62%,LD,,,,
3,DIBANG VALLEY,,7.7,,ND,,98.8,,ND,,,,
4,EAST KAMENG,3.3,11.3,-71%,LD,33.7,58.8,-43%,D,,,,
5,EAST SIANG,0.1,9.7,-99%,LD,89.1,136.1,-35%,D,,,,
6,KURUNG KUMEY,2,3,-33%,D,33.9,44.5,-24%,D,,,,
7,LOHIT,0.9,4.7,-80%,LD,30.6,93.7,-67%,LD,,,,
8,LOWER DIBANG VALLEY,,12.4,,ND,,110.1,,ND,,,,
9,LOWER SUBANSIRI,5.1,2.6,97%,LE,30.3,30.6,-1%,N,,,,
10,PAPUMPARA,1.9,7.9,-76%,LD,112,90.2,24%,E,,,,
11,TAWANG,8.1,5.2,56%,E,16.7,51.4,-68%,LD,,,,
12,TIRAP,21.5,6.3,241%,LE,100,93.6,7%,N,,,,
13,UPPER SIANG,1.6,11.3,-86%,LD,37.1,101.6,-64%,LD,,,,
14,UPPER SUBANSIRI,0.6,5.2,-88%,LD,26.2,48.1,-46%,D,,,,
15,WEST KAMENG,0.1,9.5,-99%,LD,24.9,83.8,-70%,LD,,,,
16,WEST SIANG,0.7,6.9,-90%,LD,21,100,-79%,LD,,,,
,ASSAM & MEGHALAYA,2.6,7.1,-63%,LD,34,80.5,-58%,D,,,,
,,,,DAY: 10-10-2026,,,,PERIOD: 01-10-2026 to 10-10-2026,,,,,
S.No,MET.SUBDIVISION/UT/STATE/DISTRICT,,ACTUAL(mm),NORMAL(mm),%DEP.,CAT.,ACTUAL(mm),NORMAL(mm),%DEP.,CAT.,,,
,ASSAM,1.8,,5.3,-66%,LD,36,60,-40%,D,,,
1,BAJALI,28,,6.4,338%,LE,150.5,70.2,114%,LE,,,
2,BAKSA,0,,6.7,-100%,NR,65.8,52.3,26%,E,,,
3,BARPETA,,,6.4,,ND,27.5,70.2,-61%,LD,,,
4,BISWANATH,,,11.5,,ND,,66.8,,ND,,,
5,BONGAIGAON,,,8.7,,ND,44.1,86.2,-49%,D,,,
6,CACHAR,0.2,,10.5,-98%,LD,53,91,-42%,D,,,
7,CHARAIDEO,0,,0.8,-100%,NR,43.5,50.2,-13%,N,,,
8,CHIRANG,0,,9.7,-100%,NR,92,76.9,20%,E,,,
9,DARRANG,0,,3,-100%,NR,7.4,42.3,-83%,LD,,,
10,DHEMAJI,0,,3.6,-100%,NR,47,66.7,-30%,D,,,
11,DHUBRI,0,,4.5,-100%,NR,61.3,69.9,-12%,N,,,
12,DIBRUGARH,7.5,,6.4,17%,N,55.1,59.7,-8%,N,,,
13,DIMA HASAO,0.5,,4.8,-90%,LD,8.7,70,-88%,LD,,,
14,GOALPARA,0.3,,7.7,-96%,LD,14.3,97.8,-85%,LD,,,
15,GOLAGHAT,0.1,,4.8,-99%,LD,22.3,46.7,-52%,D,,,
16,HAILAKANDI,0,,6.5,-100%,NR,77.2,79.8,-3%,N,,,
17,HOJAI,5,,6.5,-23%,D,7.4,63.7,-88%,LD,,,
18,JORHAT,0.3,,3.6,-91%,LD,39.6,46.2,-14%,N,,,
19,KAMRUP METROPOLITAN,0.2,,6.5,-98%,LD,22.6,58.8,-62%,LD,,,
20,KAMRUP RURAL,3,,4.3,-30%,D,29.5,59.1,-50%,D,,,
21,KARBI ANGLONG,0,,3.6,-100%,NR,30,48.7,-38%,D,,,
22,KOKRAJHAR,0,,7,-100%,NR,14.9,78.5,-81%,LD,,,
23,LAKHIMPUR,4.6,,4.1,12%,N,45.2,67.6,-33%,D,,,
24,MAJULI,,,3.6,,ND,,46.2,,ND,,,
25,MORIGAON,0.3,,4.4,-92%,LD,1.4,44.1,-97%,LD,,,
,,,DAY: 10-10-2026,,,,PERIOD: 01-10-2026 to 10-10-2026,,,,,,
S.No,MET.SUBDIVISION/UT/STATE/DISTRICT,ACTUAL(mm),NORMAL(mm),%DEP.,CAT.,ACTUAL(mm),NORMAL(mm),%DEP.,CAT.,,,,
26,NAGAON,0,4.9,-100%,NR,4.6,44,-89%,LD,,,,
27,NALBARI,0,6.8,-100%,NR,38.9,63,-38%,D,,,,
28,SIBSAGAR,6.3,2.2,186%,LE,23.8,46.1,-48%,D,,,,
29,SONITPUR,0.7,5.8,-88%,LD,37.5,39.2,-4%,N,,,,
30,SOUTH SALMARA,,4.5,,ND,,69.9,,ND,,,,
31,SRIBHUMI,0,1.9,-100%,NR,168.8,86.2,96%,LE,,,,
32,TAMULPUR,0,6.4,-100%,NR,64.6,44,47%,E,,,,
33,TINSUKIA,13.6,6.6,105%,LE,71.3,58.6,22%,E,,,,
34,UDALGURI,0,3.8,-100%,NR,22.3,48,-54%,D,,,,
35,WEST KARBI ANGLONG,0,3.7,-100%,NR,0,46.9,-100%,NR,,,,
,MEGHALAYA,4.9,12.8,-61%,LD,27.9,147.9,-81%,LD,,,,
1,EAST GARO HILLS,5.1,5.6,-8%,N,25.8,93.5,-72%,LD,,,,
2,EAST JAINTIA HILLS,0,18.5,-100%,NR,18.5,286,-94%,LD,,,,
3,EAST KHASI HILLS,6.1,24.5,-75%,LD,18.9,179.3,-89%,LD,,,,
4,NORTH GARO HILLS,0.5,10.3,-95%,LD,11.3,106.7,-89%,LD,,,,
5,RI BHOI,4.6,5,-9%,N,42.2,133.1,-68%,LD,,,,
6,SOUTH GARO HILLS,8.8,10.3,-14%,N,29.5,106.7,-72%,LD,,,,
7,SOUTH WEST GARO HILLS,1.5,10.3,-85%,LD,7.7,106.7,-93%,LD,,,,
8,SOUTH WEST KHASI HILLS,5.6,10.3,-45%,D,23.2,106.7,-78%,LD,,,,
9,WEST GARO HILLS,4.2,9.8,-57%,D,17.5,105.5,-83%,LD,,,,
10,WEST JAINTIA HILLS,0.5,18.5,-97%,LD,89.9,286,-69%,LD,,,,
11,WEST KHASI HILLS,8.3,12.8,-35%,D,25.2,124.2,-80%,LD,,,,
,NMMT,5,5.9,-16%,N,58.6,73.1,-20%,D,,,,
,MIZORAM,8.7,8,8%,N,97.1,99.3,-2%,N,,,,
1,AIZAWL,0,8.6,-100%,NR,59.7,92.7,-36%,D,,,,
2,CHAMPHAI,0,6.8,-100%,NR,60.2,79.5,-24%,D,,,,
,,,,DAY: 10-10-2026,,,,PERIOD: 01-10-2026 to 10-10-2026,,,,,
,S.No,MET.SUBDIVISION/UT/STATE/DISTRICT,ACTUAL(mm),NORMAL(mm),%DEP.,CAT.,ACTUAL(mm),NORMAL(mm),%DEP.,CAT.,,,
3,,KOLASIB,3.9,7.9,-50%,D,91,110.2,-17%,N,,,
4,,LAWNGTLAI,10.7,9.2,16%,N,212.7,103.8,105%,LE,,,
5,,LUNGLEI,0,9.2,-100%,NR,73,104.4,-30%,D,,,
6,,MAMIT,49.9,6.2,704%,LE,120.7,109.7,10%,N,,,
7,,SAIHA,0,10.2,-100%,NR,155.4,118.8,31%,E,,,
8,,SERCHHIP,1.5,5.3,-72%,LD,45.4,77.2,-41%,D,,,
,,MANIPUR,0.7,4.1,-82%,LD,37.6,51.5,-27%,D,,,
1,,BISHNUPUR,0,3,-100%,NR,15.2,51.7,-71%,LD,,,
2,,CHANDEL,1.2,3,-62%,LD,31.9,51.7,-38%,D,,,
3,,CHURACHANDPUR,0,3,-100%,NR,12.5,51.7,-76%,LD,,,
4,,IMPHAL EAST,8.3,3.8,117%,LE,58.6,49.2,19%,N,,,
5,,IMPHAL WEST,0.3,8.1,-96%,LD,56.1,83.9,-33%,D,,,
6,,SENAPATI,1,4,-75%,LD,58.6,55.9,5%,N,,,
7,,TAMENGLONG,0,12.4,-100%,NR,71.4,132.5,-46%,D,,,
8,,THOUBAL,0,3.8,-100%,NR,35.6,49.2,-28%,D,,,
9,,UKHRUL,0,6.8,-100%,NR,49.3,37.5,31%,E,,,
,,TRIPURA,2.6,6.4,-60%,LD,31.3,82.6,-62%,LD,,,
1,,DHALAI,0,3.8,-100%,NR,17.4,77.7,-78%,LD,,,
2,,GOMATI,1.2,9,-87%,LD,13.7,82.4,-83%,LD,,,
3,,KHOWAI,0.1,7.2,-99%,LD,16.8,85.6,-80%,LD,,,
4,,NORTH TRIPURA,2.6,8.4,-69%,LD,53.6,79.9,-33%,D,,,
5,,SIPAHIJALA,5.1,4.9,3%,N,33.3,87.3,-62%,LD,,,
6,,SOUTH TRIPURA,2,7.1,-72%,LD,27.1,87.3,-69%,LD,,,
7,,UNAKOTI,0,9,-100%,NR,84.1,83.7,0%,N,,,
8,,WEST TRIPURA,13.7,4.3,220%,LE,47.9,83.3,-42%,D,,,
,,NAGALAND,6.6,4.3,54%,E,50.5,50.8,-1%,N,,,
,,,DAY: 10-10-2026,,,,PERIOD: 01-10-2026 to 10-10-2026,,,,,,
S.No,MET.SUBDIVISION/UT/STATE/DISTRICT,ACTUAL(mm),NORMAL(mm),%DEP.,CAT.,ACTUAL(mm),NORMAL(mm),%DEP.,CAT.,,,,
1,DIMAPUR,0.5,4.4,-89%,LD,18.3,54.5,-66%,LD,,,,
2,KIPHIRE,3.1,6.5,-52%,D,55.3,37.9,46%,E,,,,
3,KOHIMA,6.5,4.4,48%,E,64.8,58.9,10%,N,,,,
4,LONGLENG,2.8,5.2,-46%,D,4.2,48.5,-91%,LD,,,,
5,MOKOKCHUNG,17.1,4,328%,LE,118.2,59.1,100%,LE,,,,
6,MON,4.5,3.4,31%,E,69.6,48,45%,E,,,,
7,PEREN,6.4,3.9,63%,LE,62,52,19%,N,,,,
8,PHEK,7.6,3,153%,LE,49.2,49.1,0%,N,,,,
9,TUENSANG,,5.2,,ND,4.2,48.5,-91%,LD,,,,
10,WOKHA,2.8,5.3,-47%,D,40.2,59.4,-32%,D,,,,
11,ZUNHEBOTO,7.8,3.8,105%,LE,90.6,39.7,128%,LE,,,,
,SHWB & SIKKIM,3.8,7.6,-50%,D,40.8,84.4,-52%,D,,,,
,WEST BENGAL,0.5,5.4,-90%,LD,22,69.5,-68%,LD,,,,
1,ALIPURDUAR,10.7,10.3,3%,N,58.5,92.4,-37%,D,,,,
2,COOCH BEHAR,0.8,6.8,-88%,LD,34.9,102.9,-66%,LD,,,,
3,DARJEELING,0.4,7.4,-94%,LD,68.4,90,-24%,D,,,,
4,JALPAIGURI,1.3,7.6,-83%,LD,119.1,99.4,20%,E,,,,
5,KALIMPONG,8.6,6.7,28%,E,39.3,80,-51%,D,,,,
6,MALDA,0,11.7,-100%,NR,0.2,84.6,-99%,LD,,,,
7,NORTH DINAJPUR,0,5.4,-100%,NR,6.5,83.8,-92%,LD,,,,
8,SOUTH DINAJPUR,0,5,-100%,NR,24.3,73.6,-67%,LD,,,,
,SIKKIM,8.9,7.6,17%,N,32.7,71.7,-54%,D,,,,
1,GANGTOK,4.3,10.9,-61%,LD,35.5,84.9,-58%,D,,,,
2,GYALSHING,14.7,7.4,99%,LE,81,71.7,13%,N,,,,
3,MANGAN,9.5,7.7,23%,E,22.3,75.2,-70%,LD,,,,
4,NAMCHI,8.9,4.2,112%,LE,51.1,42.1,21%,E,,,,
,,,,,DAY: 10-10-2026,,,,PERIOD: 01-10-2026 to 10-10-2026,,,,
S.No,MET.SUBDIVISION/UT/STATE/DISTRICT,,ACTUAL(mm),,NORMAL(mm),%DEP.,CAT.,ACTUAL(mm),NORMAL(mm),%DEP.,CAT.,,
5,Pakyong,5.1,,3.4,,50%,E,16.1,42.4,-62%,LD,,
6,Soreng,0,,7.4,,-100%,NR,17.5,71.7,-76%,LD,,
,GANGETIC WEST BENGAL,0,,4.8,,-100%,NR,14.9,63.9,-77%,LD,,
1,BANKURA,0,,3.3,,-100%,NR,12,55.6,-78%,LD,,
2,BIRBHUM,0,,4.4,,-100%,NR,13.1,60.2,-78%,LD,,
3,EAST MIDNAPORE,0,,4.9,,-100%,NR,0.5,92,-99%,LD,,
4,HOOGHLY,0,,5.5,,-100%,NR,22.9,52.4,-56%,D,,
5,HOWRAH,0,,5.9,,-100%,NR,36.7,61.5,-40%,D,,
6,JHARGRAM,0,,2.6,,-100%,NR,5.9,60.3,-90%,LD,,
7,KOLKATA,0,,6.7,,-100%,NR,59.1,80.3,-26%,D,,
8,MURSHIDABAD,0,,7.6,,-100%,NR,18.8,56.5,-67%,LD,,
9,NADIA,0,,7.1,,-100%,NR,7.1,56.5,-87%,LD,,
10,NORTH 24 PARGANAS,0,,6.9,,-100%,NR,83.4,68,23%,E,,
11,PASCHIM BARDHAMAN,0,,4.6,,-100%,NR,7.8,56.7,-86%,LD,,
12,PURBA BARDHAMAN,0,,6.8,,-100%,NR,0,51.3,-100%,NR,,
13,PURULIA,0,,2.6,,-100%,NR,9.9,47.4,-79%,LD,,
14,SOUTH 24 PARGANAS,0,,5.1,,-100%,NR,12.2,88.9,-86%,LD,,
15,WEST MIDNAPORE,0,,2.6,,-100%,NR,4.4,60.3,-93%,LD,,
,ODISHA,0.8,,3.4,,-76%,LD,6.3,51.5,-88%,LD,,
1,ANGUL,0,,2.9,,-100%,NR,0.7,42.5,-98%,LD,,
2,BALANGIR,0,,1.1,,-100%,NR,8.2,28.6,-71%,LD,,
3,BALASORE,4.4,,5.8,,-25%,D,20.3,88.6,-77%,LD,,
4,BARGARH,0,,1,,-100%,NR,0,27.1,-100%,NR,,
5,BHADRAK,2,,4.1,,-52%,D,6.8,77.9,-91%,LD,,
6,BOUDH,0,,3,,-100%,NR,6.4,30.6,-79%,LD,,
7,CUTTACK,1.4,,5.6,,-75%,LD,1.4,68.1,-98%,LD,,
,,,,,DAY: 10-10-2026,,,,PERIOD: 01-10-2026 to 10-10-2026,,,,
S.No,MET.SUBDIVISION/UT/STATE/DISTRICT,,ACTUAL(mm),,NORMAL(mm),%DEP.,CAT.,ACTUAL(mm),NORMAL(mm),%DEP.,CAT.,,
8,DEOGARH,0.7,,3.2,,-77%,LD,3.1,35.1,-91%,LD,,
9,DHENKANAL,1.4,,5.1,,-73%,LD,9.6,54.8,-83%,LD,,
10,GAJAPATI,0,,5,,-100%,NR,9.5,69.9,-86%,LD,,
11,GANJAM,0,,4.3,,-100%,NR,9.3,78.2,-88%,LD,,
12,JAGATSINGHPUR,2,,4.8,,-59%,D,3.8,80.1,-95%,LD,,
13,JAJPUR,1.3,,3.6,,-65%,LD,5.6,68.8,-92%,LD,,
14,JHARSUGUDA,0,,2.3,,-100%,NR,2.4,33.2,-93%,LD,,
15,KALAHANDI,0,,3.3,,-100%,NR,3.2,40.9,-92%,LD,,
16,KANDHAMAL,0,,4.1,,-100%,NR,6.9,59.3,-88%,LD,,
17,KENDRAPARA,2,,4.6,,-57%,D,2,88.8,-98%,LD,,
18,KEONJHARGARH,1.4,,3.8,,-62%,LD,5.7,50.3,-89%,LD,,
19,KHURDA,0.1,,5.5,,-97%,LD,3.8,72.3,-95%,LD,,
20,KORAPUT,0,,3,,-100%,NR,10.4,58.6,-82%,LD,,
21,MALKANGIRI,0,,1.3,,-100%,NR,0,51.5,-100%,NR,,
22,MAYURBHANJ,1.2,,3.7,,-68%,LD,17.6,53.9,-67%,LD,,
23,NAWAPARA,0,,1,,-100%,NR,1,33.7,-97%,LD,,
24,NAWARANGPUR,0,,3.5,,-100%,NR,1.7,48.3,-96%,LD,,
25,NAYAGARH,3.3,,4.6,,-29%,D,12.2,67.1,-82%,LD,,
26,PURI,9.8,,4.2,,134%,LE,11.8,75.5,-84%,LD,,
27,RAYAGADA,0,,4.8,,-100%,NR,0.3,53.2,-99%,LD,,
28,SAMBALPUR,0.6,,2.4,,-76%,LD,2.6,30.5,-91%,LD,,
29,SONEPUR,0,,2.4,,-100%,NR,3.8,25.1,-85%,LD,,
30,SUNDARGARH,0.6,,2,,-68%,LD,7.8,31.1,-75%,LD,,
,JHARKHAND,0,,2.6,,-99%,LD,20.7,40.6,-49%,D,,
1,BOKARO,0,,3.5,,-100%,NR,41.2,38.4,7%,N,,
2,CHATRA,0,,1.6,,-100%,NR,54.4,34.6,57%,E,,
,,,,,DAY: 10-10-2026,,,,PERIOD: 01-10-2026 to 10-10-2026,,,,
S.No,MET.SUBDIVISION/UT/STATE/DISTRICT,,ACTUAL(mm),,NORMAL(mm),%DEP.,CAT.,ACTUAL(mm),NORMAL(mm),%DEP.,CAT.,,
3,DEOGHAR,0,,2.4,,-100%,NR,27.3,45.5,-40%,D,,
4,DHANBAD,0,,3.2,,-100%,NR,38,49.4,-23%,D,,
5,DUMKA,0,,3.9,,-100%,NR,21.8,68.6,-68%,LD,,
6,EAST SINGHBHUM,0,,1.7,,-100%,NR,7.9,35.3,-78%,LD,,
7,GARHWA,0,,1.1,,-100%,NR,13.5,25,-46%,D,,
8,GIRIDIH,0,,2.7,,-100%,NR,27,49.3,-45%,D,,
9,GODDA,0,,4.8,,-100%,NR,10.8,55.5,-81%,LD,,
10,GUMLA,0,,2.1,,-100%,NR,5.3,38.8,-86%,LD,,
11,HAZARIBAG,0,,3.5,,-100%,NR,37.3,47.1,-21%,D,,
12,JAMTARA,0,,3.7,,-100%,NR,11.8,59.5,-80%,LD,,
13,KHUNTI,0,,2.6,,-100%,NR,2.4,43.3,-95%,LD,,
14,KODERMA,0,,2.5,,-100%,NR,36.6,40.8,-10%,N,,
15,LATEHAR,0,,1.8,,-100%,NR,23.9,33.9,-29%,D,,
16,LOHARDAGA,0,,1.5,,-100%,NR,36.2,36.8,-2%,N,,
17,PAKUR,0,,6.5,,-100%,NR,0.3,75.8,-99%,LD,,
18,PALAMU,0,,1,,-100%,NR,17.6,24.1,-27%,D,,
19,RAMGARH,0,,2.1,,-100%,NR,15.1,40.1,-62%,LD,,
20,RANCHI,0,,2.2,,-100%,NR,9.9,33.4,-70%,LD,,
21,SAHIBGANJ,,,9,,,ND,0,70,-100%,NR,,
22,SERAIKELA-KHARSAWAN,0,,0.8,,-100%,NR,40.6,26,56%,E,,
23,SIMDEGA,0,,2.9,,-100%,NR,18.1,38.7,-53%,D,,
24,WEST SINGHBHUM,0.3,,1.7,,-82%,LD,15.3,34,-55%,D,,
,BIHAR,6,,2.2,,174%,LE,23.2,34.3,-32%,D,,
1,ARARIA,0.3,,1.7,,-80%,LD,17.8,42.6,-58%,D,,
2,ARWAL,0,,1.2,,-100%,NR,43.1,18.6,132%,LE,,
3,AURANGABAD,0,,2.1,,-100%,NR,11.2,25.2,-56%,D,,
,,,,DAY: 10-10-2026,,,,PERIOD: 01-10-2026 to 10-10-2026,,,,,
S.No,MET.SUBDIVISION/UT/STATE/DISTRICT,ACTUAL(mm),,NORMAL(mm),%DEP.,CAT.,ACTUAL(mm),NORMAL(mm),%DEP.,CAT.,,,
4,BANKA,0,2.6,,-100%,NR,14.3,44.4,-68%,LD,,,
5,BEGUSARAI,17.4,1.8,,864%,LE,47.3,28.6,65%,LE,,,
6,BHABUA,0,1.2,,-100%,NR,3.4,19.9,-83%,LD,,,
7,BHAGALPUR,0,4.4,,-100%,NR,4.3,48.2,-91%,LD,,,
8,BHOJPUR,0,1,,-100%,NR,29.8,32.8,-9%,N,,,
9,BUXAR,0,0.8,,-100%,NR,12.9,25.6,-49%,D,,,
10,DARBHANGA,13.8,0.9,,1428%,LE,53,33.4,59%,E,,,
11,EAST CHAMPARAN,14.9,1.2,,1145%,LE,28.3,35.5,-20%,D,,,
12,GAYA,0,1.8,,-100%,NR,8.5,27.8,-69%,LD,,,
13,GOPALGANJ,0,1,,-100%,NR,9.6,24.2,-60%,LD,,,
14,JAHANABAD,0.1,1,,-86%,LD,46.9,18.6,152%,LE,,,
15,JAMUI,0,3.1,,-100%,NR,0.5,35.2,-99%,LD,,,
16,KATIHAR,0,5.6,,-100%,NR,2.6,57.8,-95%,LD,,,
17,KHAGARIA,2.7,4.4,,-39%,D,13.5,39.3,-66%,LD,,,
18,KISHANGANJ,0,2.4,,-100%,NR,64.3,54,19%,N,,,
19,LAKHISARAI,0,2.8,,-100%,NR,22,27.3,-19%,N,,,
20,MADHEPURA,0,3.6,,-100%,NR,16.4,41.4,-60%,LD,,,
21,MADHUBANI,21.1,0.9,,2246%,LE,48.2,30.9,56%,E,,,
22,MUNGER,7.6,2.3,,232%,LE,21.9,37.6,-42%,D,,,
23,MUZAFFARPUR,20,1.1,,1718%,LE,33.3,30.9,8%,N,,,
24,NALANDA,0.4,2.5,,-83%,LD,17.8,25,-29%,D,,,
25,NAWADA,0,3,,-100%,NR,7.4,37.1,-80%,LD,,,
26,PATNA,1.6,1.6,,2%,N,31.2,32.4,-4%,N,,,
27,PURNEA,1,5.2,,-81%,LD,7.2,59.5,-88%,LD,,,
28,ROHTAS,0,1.2,,-100%,NR,10.6,21.9,-52%,D,,,
29,SAHARSA,0,3.1,,-100%,NR,23.1,39.5,-42%,D,,,
,,,,DAY: 10-10-2026,,,,PERIOD: 01-10-2026 to 10-10-2026,,,,,
S.No,MET.SUBDIVISION/UT/STATE/DISTRICT,ACTUAL(mm),,NORMAL(mm),%DEP.,CAT.,ACTUAL(mm),NORMAL(mm),%DEP.,CAT.,,,
30,SAMASTIPUR,47.1,2.9,,1524%,LE,93.9,37.2,152%,LE,,,
31,SARAN,0,0.9,,-100%,NR,19.7,34.7,-43%,D,,,
32,SHEIKHPURA,0,3.9,,-100%,NR,4.5,30.5,-85%,LD,,,
33,SHEOHAR,13.3,1.8,,638%,LE,22.8,27.5,-17%,N,,,
34,SITAMARHI,44.9,1.4,,3108%,LE,52,31.5,65%,LE,,,
35,SIWAN,0,1,,-100%,NR,15.1,28,-46%,D,,,
36,SUPAUL,1.6,1.6,,1%,N,7.3,36.9,-80%,LD,,,
37,VAISHALI,6.7,1.9,,254%,LE,40.5,33.2,22%,E,,,
38,WEST CHAMPARAN,4.8,2.3,,109%,LE,21.6,30.9,-30%,D,,,
,UTTAR PRADESH,1,1.2,,-19%,N,11.2,16.6,-32%,D,,,
,WEST UTTAR PRADESH,2.4,0.8,,195%,LE,6.8,11.7,-42%,D,,,
1,AGRA,0,0.1,,-100%,NR,0,9.3,-100%,NR,,,
2,ALIGARH,0,0.7,,-100%,NR,0,11,-100%,NR,,,
3,AMROHA,19.3,1.1,,1658%,LE,19.3,11.8,64%,LE,,,
4,AURAIYA,0,1.1,,-100%,NR,0,11.2,-100%,NR,,,
5,BADAUN,0,0.8,,-100%,NR,2.8,8.8,-69%,LD,,,
6,BAGHPAT,0,0.5,,-100%,NR,0,4.2,-100%,NR,,,
7,BAREILLY,5,1,,403%,LE,26.9,10.9,147%,LE,,,
8,BIJNOR,6.1,0.8,,665%,LE,6.1,7.6,-19%,N,,,
9,BULANDSHAHAR,7.2,0.6,,1100%,LE,7.2,7.4,-3%,N,,,
10,ETAH,3.7,0.3,,1122%,LE,3.7,7.9,-54%,D,,,
11,ETAWAH,0,0.2,,-100%,NR,0,8.8,-100%,NR,,,
12,FIROZABAD,12.7,0.1,,12567%,LE,12.7,13.6,-7%,N,,,
13,GAUTAM BUDDHA NAGAR,0,0.1,,-100%,NR,19.2,3.4,460%,LE,,,
14,GHAZIABAD,0,0.1,,-100%,NR,0,3.5,-100%,NR,,,
15,HAMIRPUR,1.6,2.4,,-33%,D,1.8,19.3,-91%,LD,,,
,,,,,DAY: 10-10-2026,,,,PERIOD: 01-10-2026 to 10-10-2026,,,,
S.No,MET.SUBDIVISION/UT/STATE/DISTRICT,,ACTUAL(mm),,NORMAL(mm),%DEP.,CAT.,ACTUAL(mm),NORMAL(mm),%DEP.,CAT.,,
16,HAPUR,1,,0.1,,900%,LE,1,4.4,-77%,LD,,
17,HATHRAS,0,,0.8,,-100%,NR,0,8.1,-100%,NR,,
18,JALAUN,0,,0.7,,-100%,NR,0,21,-100%,NR,,
19,JHANSI,0,,0.5,,-100%,NR,0,19.7,-100%,NR,,
20,KASGANJ,9,,0.7,,1186%,LE,9,10.8,-17%,N,,
21,LALITPUR,0,,0.2,,-100%,NR,0,13,-100%,NR,,
22,MAHOBA,0,,1.9,,-100%,NR,0,14.9,-100%,NR,,
23,MAINPURI,1.7,,1.4,,19%,N,1.7,13.1,-87%,LD,,
24,MATHURA,0,,0.5,,-100%,NR,0,7.2,-100%,NR,,
25,MEERUT,4.1,,0.4,,925%,LE,4.1,4.9,-16%,N,,
26,MORADABAD,6.1,,1,,513%,LE,10.8,11.9,-9%,N,,
27,MUZAFFARNAGAR,2.3,,0.9,,153%,LE,2.3,6.1,-63%,LD,,
28,PILIBHIT,0,,1.1,,-100%,NR,15.8,20.7,-24%,D,,
29,RAMPUR,0,,2,,-100%,NR,25.1,13.7,83%,LE,,
30,SAHARANPUR,0,,1.8,,-100%,NR,0.5,10.3,-95%,LD,,
31,SAMBHAL,4.2,,0.9,,363%,LE,4.2,15.5,-73%,LD,,
32,SHAHJAHANPUR,0,,0.4,,-100%,NR,42.1,16.9,149%,LE,,
33,SHAMLI,0,,0.8,,-100%,NR,0,4.7,-100%,NR,,
,EAST UTTAR PRADESH,0,,1.3,,-100%,NR,14.3,20,-28%,D,,
1,AMBEDKAR NAGAR,0,,1.6,,-100%,NR,40.4,15.1,167%,LE,,
2,AMETHI,0,,1.7,,-100%,NR,2.5,16,-84%,LD,,
3,AYODHYA,0,,1.4,,-100%,NR,40.9,23.6,73%,LE,,
4,AZAMGARH,0,,0.6,,-100%,NR,23,21.6,6%,N,,
5,BAHRAICH,0,,1.3,,-100%,NR,26,22.4,16%,N,,
6,BALLIA,0,,0.9,,-100%,NR,7,21.7,-68%,LD,,
7,BALRAMPUR,0,,2.3,,-100%,NR,43.6,16.6,163%,LE,,
,,,,,DAY: 10-10-2026,,,,PERIOD: 01-10-2026 to 10-10-2026,,,,
S.No,MET.SUBDIVISION/UT/STATE/DISTRICT,,ACTUAL(mm),,NORMAL(mm),%DEP.,CAT.,ACTUAL(mm),NORMAL(mm),%DEP.,CAT.,,
8,BANDA,0,,1.2,,-100%,NR,2.3,15.6,-85%,LD,,
9,BARABANKI,0,,2.6,,-100%,NR,9.4,22,-57%,D,,
10,BASTI,0,,0.9,,-100%,NR,30.3,18.9,60%,LE,,
11,BHADOHI,0,,0,,-100%,NR,4,20.4,-80%,LD,,
12,CHANDAULI,0,,0.4,,-100%,NR,1,11.8,-92%,LD,,
13,CHITRAKOOT,0,,1.3,,-100%,NR,0.3,24.4,-99%,LD,,
14,DEORIA,0,,0.6,,-100%,NR,7,21.6,-68%,LD,,
15,FARRUKHABAD,0,,0.5,,-100%,NR,6.5,15.3,-58%,D,,
16,FATEHPUR,0,,1.7,,-100%,NR,4.3,12.2,-64%,LD,,
17,GHAZIPUR,0,,0.7,,-100%,NR,0.7,21.8,-97%,LD,,
18,GONDA,0,,2.2,,-100%,NR,23.5,28.5,-18%,N,,
19,GORAKHPUR,0,,1.3,,-100%,NR,16.1,35.9,-55%,D,,
20,HARDOI,0,,0.9,,-100%,NR,11.4,14.3,-21%,D,,
21,JAUNPUR,0,,0.2,,-100%,NR,17.9,18.7,-4%,N,,
22,KANNAUJ,0,,0.8,,-100%,NR,2.9,19.7,-85%,LD,,
23,KANPUR CITY,0,,1.1,,-100%,NR,10.6,19.6,-46%,D,,
24,KANPUR DEHAT,0,,1.2,,-100%,NR,0,18.4,-100%,NR,,
25,KAUSHAMBI,0,,2,,-100%,NR,1.2,13.8,-92%,LD,,
26,KHERI,0,,1.6,,-100%,NR,62.9,24.1,161%,LE,,
27,KUSHI NAGAR,0,,1.6,,-100%,NR,7,17.5,-60%,LD,,
28,LUCKNOW,0,,2.8,,-100%,NR,0.6,17.2,-97%,LD,,
29,MAHARAJGANJ,0,,1.7,,-100%,NR,13.9,28.5,-51%,D,,
30,MAU,0,,0.6,,-100%,NR,2.5,22.7,-89%,LD,,
31,MIRZAPUR,0,,0.9,,-100%,NR,0,19.3,-100%,NR,,
32,PRATAPGARH,0,,0.8,,-100%,NR,24,20.2,19%,N,,
33,PRAYAGRAJ,0,,0.1,,-100%,NR,1.3,19.6,-94%,LD,,
,,,,DAY: 10-10-2026,,,,PERIOD: 01-10-2026 to 10-10-2026,,,,,
S.No,MET.SUBDIVISION/UT/STATE/DISTRICT,ACTUAL(mm),,NORMAL(mm),%DEP.,CAT.,ACTUAL(mm),NORMAL(mm),%DEP.,CAT.,,,
34,RAE BAREILLY,0,3.9,,-100%,NR,0,17.3,-100%,NR,,,
35,SANT KABIR NAGAR,0,2.1,,-100%,NR,13.2,13.9,-5%,N,,,
36,SHRAWASTI,0,1.8,,-100%,NR,60.4,21.8,177%,LE,,,
37,SIDDHARTH NAGAR,0,3,,-100%,NR,13.5,19.2,-29%,D,,,
38,SITAPUR,0,1.2,,-100%,NR,8,19,-58%,D,,,
39,SONBHADRA,0,0.2,,-100%,NR,4.9,20.7,-76%,LD,,,
40,SULTANPUR,0,1,,-100%,NR,11.4,24,-52%,D,,,
41,UNNAO,0,3.4,,-100%,NR,4.8,18.9,-74%,LD,,,
42,VARANASI,0,0.2,,-100%,NR,23.9,19.2,24%,E,,,
,UTTARAKHAND,6.2,1.6,,290%,LE,24.3,15.3,59%,E,,,
1,ALMORA,11.1,1.3,,754%,LE,18.6,9.5,96%,LE,,,
2,BAGESHWAR,9.9,1.3,,662%,LE,29.9,9.5,215%,LE,,,
3,CHAMOLI,8.5,0.5,,1600%,LE,29.3,8.1,262%,LE,,,
4,CHAMPAWAT,11.8,2.6,,353%,LE,22.8,20.5,11%,N,,,
5,DEHRADUN,0.8,4,,-81%,LD,19.1,19.7,-3%,N,,,
6,GARHWAL PAURI,2.9,0.4,,636%,LE,5.3,10.7,-50%,D,,,
7,GARHWAL TEHRI,0.6,0.8,,-29%,D,8.9,10.1,-12%,N,,,
8,HARDWAR,11.5,1,,1052%,LE,12.9,8,61%,LE,,,
9,NAINITAL,5,2.3,,117%,LE,33.4,17.1,95%,LE,,,
10,PITHORAGARH,13,1.9,,584%,LE,49.3,24.8,99%,LE,,,
11,RUDRAPRAYAG,12.2,1.2,,913%,LE,21.5,10.4,106%,LE,,,
12,UDHAM SINGH NAGAR,2.5,2,,24%,E,21,12.9,62%,LE,,,
13,UTTARKASHI,0,2.3,,-100%,NR,20.2,23.4,-14%,N,,,
,DELHI AND HARYANA AND CHANDIGARH,0,0.5,,-100%,NR,0.4,4.5,-92%,LD,,,
,HARYANA,0,0.4,,-100%,NR,0.4,4.3,-91%,LD,,,
1,AMBALA,0,1,,-100%,NR,2.8,8,-66%,LD,,,
,,,,DAY: 10-10-2026,,,,PERIOD: 01-10-2026 to 10-10-2026,,,,,
S.No,MET.SUBDIVISION/UT/STATE/DISTRICT,ACTUAL(mm),,NORMAL(mm),%DEP.,CAT.,ACTUAL(mm),NORMAL(mm),%DEP.,CAT.,,,
34,RAE BAREILLY,0,3.9,,-100%,NR,0,17.3,-100%,NR,,,
35,SANT KABIR NAGAR,0,2.1,,-100%,NR,13.2,13.9,-5%,N,,,
36,SHRAWASTI,0,1.8,,-100%,NR,60.4,21.8,177%,LE,,,
37,SIDDHARTH NAGAR,0,3,,-100%,NR,13.5,19.2,-29%,D,,,
38,SITAPUR,0,1.2,,-100%,NR,8,19,-58%,D,,,
39,SONBHADRA,0,0.2,,-100%,NR,4.9,20.7,-76%,LD,,,
40,SULTANPUR,0,1,,-100%,NR,11.4,24,-52%,D,,,
41,UNNAO,0,3.4,,-100%,NR,4.8,18.9,-74%,LD,,,
42,VARANASI,0,0.2,,-100%,NR,23.9,19.2,24%,E,,,
,UTTARAKHAND,6.2,1.6,,290%,LE,24.3,15.3,59%,E,,,
1,ALMORA,11.1,1.3,,754%,LE,18.6,9.5,96%,LE,,,
2,BAGESHWAR,9.9,1.3,,662%,LE,29.9,9.5,215%,LE,,,
3,CHAMOLI,8.5,0.5,,1600%,LE,29.3,8.1,262%,LE,,,
4,CHAMPAWAT,11.8,2.6,,353%,LE,22.8,20.5,11%,N,,,
5,DEHRADUN,0.8,4,,-81%,LD,19.1,19.7,-3%,N,,,
6,GARHWAL PAURI,2.9,0.4,,636%,LE,5.3,10.7,-50%,D,,,
7,GARHWAL TEHRI,0.6,0.8,,-29%,D,8.9,10.1,-12%,N,,,
8,HARDWAR,11.5,1,,1052%,LE,12.9,8,61%,LE,,,
9,NAINITAL,5,2.3,,117%,LE,33.4,17.1,95%,LE,,,
10,PITHORAGARH,13,1.9,,584%,LE,49.3,24.8,99%,LE,,,
11,RUDRAPRAYAG,12.2,1.2,,913%,LE,21.5,10.4,106%,LE,,,
12,UDHAM SINGH NAGAR,2.5,2,,24%,E,21,12.9,62%,LE,,,
13,UTTARKASHI,0,2.3,,-100%,NR,20.2,23.4,-14%,N,,,
,DELHI AND HARYANA AND CHANDIGARH,0,0.5,,-100%,NR,0.4,4.5,-92%,LD,,,
,HARYANA,0,0.4,,-100%,NR,0.4,4.3,-91%,LD,,,
1,AMBALA,0,1,,-100%,NR,2.8,8,-66%,LD,,,
,,,,,DAY: 10-10-2026,,,,,PERIOD: 01-10-2026 to 10-10-2026,,,
S.No,MET.SUBDIVISION/UT/STATE/DISTRICT,,ACTUAL(mm),,NORMAL(mm),%DEP.,CAT.,,ACTUAL(mm),NORMAL(mm),%DEP.,CAT.,
2,BHIWANI,0,,0.4,,-100%,NR,0,,3.6,-100%,NR,
3,CHARKHI DADRI,0,,1.2,,-100%,NR,0,,4.2,-100%,NR,
4,FARIDABAD,0,,0.6,,-100%,NR,0,,7.4,-100%,NR,
5,FATEHABAD,0,,0,,-100%,NR,0,,3.2,-100%,NR,
6,GURGAON,0,,0.7,,-100%,NR,0,,5,-100%,NR,
7,HISAR,0,,0.1,,-100%,NR,0,,3.8,-100%,NR,
8,JHAJJAR,0,,0.6,,-100%,NR,0,,2.2,-100%,NR,
9,JIND,0,,0.1,,-100%,NR,0,,3.9,-100%,NR,
10,KAITHAL,0,,0,,-100%,NR,0,,3,-100%,NR,
11,KARNAL,0,,0.2,,-100%,NR,0,,4.7,-100%,NR,
12,KURUKSHETRA,0,,0,,-100%,NR,0,,4.6,-100%,NR,
13,MAHENDRAGARH,0,,0.5,,-100%,NR,0,,4,-100%,NR,
14,NUH,0,,0.4,,-100%,NR,0,,5.6,-100%,NR,
15,PALWAL,0,,0.4,,-100%,NR,0,,3.6,-100%,NR,
16,PANCHKULA,0,,1.4,,-100%,NR,9.4,,4.7,100%,LE,
17,PANIPAT,0,,0.4,,-100%,NR,0,,3.4,-100%,NR,
18,REWARI,0,,0,,-100%,NR,0,,4.6,-100%,NR,
19,ROHTAK,0,,0.7,,-100%,NR,0,,4.7,-100%,NR,
20,SIRSA,0,,0.3,,-100%,NR,0,,2.7,-100%,NR,
21,SONEPAT,0,,0.6,,-100%,NR,0,,4.8,-100%,NR,
22,YAMUNA NAGAR,0,,2.3,,-100%,NR,2.9,,8,-63%,LD,
,DELHI (UT),0,,0.6,,-100%,NR,0,,7.8,-100%,NR,
1,CENTRAL DELHI,0,,0,,-100%,NR,0,,11.2,-100%,NR,
2,EAST DELHI,0,,0,,-100%,NR,0,,11.2,-100%,NR,
3,NEW DELHI,0,,1.7,,-100%,NR,0,,9.6,-100%,NR,
4,NORTH DELHI,,,0,,,ND,,,7.1,,ND,
,,,,,DAY: 10-10-2026,,,,PERIOD: 01-10-2026 to 10-10-2026,,,,
S.No,MET.SUBDIVISION/UT/STATE/DISTRICT,,ACTUAL(mm),,NORMAL(mm),%DEP.,CAT.,ACTUAL(mm),NORMAL(mm),%DEP.,CAT.,,
5,NORTH EAST DELHI,0,,0,,-100%,NR,0,11.2,-100%,NR,,
6,NORTH WEST DELHI,0,,1.1,,-100%,NR,0,3,-100%,NR,,
7,SOUTH DELHI,0,,0,,-100%,NR,0,11.2,-100%,NR,,
8,SOUTH EAST DELHI,0,,0,,-100%,NR,0,11.2,-100%,NR,,
9,SOUTH WEST DELHI,0,,0.4,,-100%,NR,0,9.4,-100%,NR,,
10,WEST DELHI,0,,1.1,,-100%,NR,0,7.8,-100%,NR,,
,CHANDIGARH (UT),0,,0.1,,-100%,NR,6.3,11.1,-44%,D,,
1,CHANDIGARH,0,,0.1,,-100%,NR,6.3,11.1,-44%,D,,
,PUNJAB,0.1,,0.3,,-73%,LD,1.4,4,-64%,LD,,
1,AMRITSAR,0,,1.1,,-100%,NR,2.9,5.8,-51%,D,,
2,BARNALA,0,,0,,-100%,NR,0,2.4,-100%,NR,,
3,BHATINDA,0,,0.1,,-100%,NR,0,4.7,-100%,NR,,
4,FARIDKOT,0,,1.1,,-100%,NR,0,3.2,-100%,NR,,
5,FATEHGARH SAHIB,0,,0.2,,-100%,NR,0,2.4,-100%,NR,,
6,FAZILKA,0,,0.2,,-100%,NR,0,2.5,-100%,NR,,
7,FEROZEPUR,0,,0,,-100%,NR,0,2.2,-100%,NR,,
8,GURDASPUR,1,,1,,-2%,N,2.5,8.2,-69%,LD,,
9,HOSHIARPUR,0,,0.4,,-100%,NR,12.4,5.3,133%,LE,,
10,JALANDHAR,0,,0.1,,-100%,NR,0,3,-99%,LD,,
11,KAPURTHALA,0,,0.4,,-100%,NR,0,3.6,-100%,NR,,
12,LUDHIANA,0,,0.1,,-100%,NR,0,2.6,-100%,NR,,
13,MANSA,0,,0,,-100%,NR,0,2.7,-100%,NR,,
14,MOGA,0,,0,,-100%,NR,0,2.3,-100%,NR,,
15,MUKTSAR,0,,0,,-100%,NR,0,2.1,-100%,NR,,
16,PATHANKOT,0,,0.5,,-100%,NR,9.5,7.1,34%,E,,
17,PATIALA,0,,0.3,,-100%,NR,0,5,-100%,NR,,
,,,,,DAY: 10-10-2026,,,,PERIOD: 01-10-2026 to 10-10-2026,,,,
S.No,MET.SUBDIVISION/UT/STATE/DISTRICT,,ACTUAL(mm),,NORMAL(mm),%DEP.,CAT.,ACTUAL(mm),NORMAL(mm),%DEP.,CAT.,,
5,NORTH EAST DELHI,0,,0,,-100%,NR,0,11.2,-100%,NR,,
6,NORTH WEST DELHI,0,,1.1,,-100%,NR,0,3,-100%,NR,,
7,SOUTH DELHI,0,,0,,-100%,NR,0,11.2,-100%,NR,,
8,SOUTH EAST DELHI,0,,0,,-100%,NR,0,11.2,-100%,NR,,
9,SOUTH WEST DELHI,0,,0.4,,-100%,NR,0,9.4,-100%,NR,,
10,WEST DELHI,0,,1.1,,-100%,NR,0,7.8,-100%,NR,,
,CHANDIGARH (UT),0,,0.1,,-100%,NR,6.3,11.1,-44%,D,,
1,CHANDIGARH,0,,0.1,,-100%,NR,6.3,11.1,-44%,D,,
,PUNJAB,0.1,,0.3,,-73%,LD,1.4,4,-64%,LD,,
1,AMRITSAR,0,,1.1,,-100%,NR,2.9,5.8,-51%,D,,
2,BARNALA,0,,0,,-100%,NR,0,2.4,-100%,NR,,
3,BHATINDA,0,,0.1,,-100%,NR,0,4.7,-100%,NR,,
4,FARIDKOT,0,,1.1,,-100%,NR,0,3.2,-100%,NR,,
5,FATEHGARH SAHIB,0,,0.2,,-100%,NR,0,2.4,-100%,NR,,
6,FAZILKA,0,,0.2,,-100%,NR,0,2.5,-100%,NR,,
7,FEROZEPUR,0,,0,,-100%,NR,0,2.2,-100%,NR,,
8,GURDASPUR,1,,1,,-2%,N,2.5,8.2,-69%,LD,,
9,HOSHIARPUR,0,,0.4,,-100%,NR,12.4,5.3,133%,LE,,
10,JALANDHAR,0,,0.1,,-100%,NR,0,3,-99%,LD,,
11,KAPURTHALA,0,,0.4,,-100%,NR,0,3.6,-100%,NR,,
12,LUDHIANA,0,,0.1,,-100%,NR,0,2.6,-100%,NR,,
13,MANSA,0,,0,,-100%,NR,0,2.7,-100%,NR,,
14,MOGA,0,,0,,-100%,NR,0,2.3,-100%,NR,,
15,MUKTSAR,0,,0,,-100%,NR,0,2.1,-100%,NR,,
16,PATHANKOT,0,,0.5,,-100%,NR,9.5,7.1,34%,E,,
17,PATIALA,0,,0.3,,-100%,NR,0,5,-100%,NR,,
,,,,,DAY: 10-10-2026,,,,PERIOD: 01-10-2026 to 10-10-2026,,,,
S.No,MET.SUBDIVISION/UT/STATE/DISTRICT,,ACTUAL(mm),,NORMAL(mm),%DEP.,CAT.,ACTUAL(mm),NORMAL(mm),%DEP.,CAT.,,
18,RUPNAGAR,0,,0.9,,-96%,LD,4,7,-43%,D,,
19,SANGRUR,0,,0.1,,-100%,NR,0,4.2,-100%,NR,,
20,SAS NAGAR (MOHALI),0,,1.1,,-100%,NR,0,4.6,-100%,NR,,
21,SBS NAGAR,1.7,,0.3,,467%,LE,1.7,4.5,-62%,LD,,
22,TARN TARAN,0,,0.3,,-100%,NR,0.7,2.8,-75%,LD,,
,HIMACHAL PRADESH,0.1,,2,,-95%,LD,9.2,10.4,-12%,N,,
1,BILASPUR,0,,0.9,,-100%,NR,5.9,4.9,21%,E,,
2,CHAMBA,0,,1.5,,-100%,NR,11.7,10.9,7%,N,,
3,HAMIRPUR,0,,3.6,,-100%,NR,2.5,10.1,-75%,LD,,
4,KANGRA,0,,1.7,,-100%,NR,24.5,15.3,60%,LE,,
5,KINNAUR,0,,1.3,,-100%,NR,4.5,6.1,-26%,D,,
6,KULLU,0,,0.8,,-100%,NR,14.8,7.5,98%,LE,,
7,LAHAUL & SPITI,0,,3,,-100%,NR,2.1,12.4,-83%,LD,,
8,MANDI,0,,1.3,,-100%,NR,8.6,8.4,3%,N,,
9,SHIMLA,1.1,,1.8,,-37%,D,14.4,9.5,51%,E,,
10,SIRMAUR,0,,3.2,,-100%,NR,5.9,13,-55%,D,,
11,SOLAN,0,,2.2,,-100%,NR,8.6,8.2,5%,N,,
12,UNA,0,,0.6,,-100%,NR,2.8,9.9,-72%,LD,,
,JAMMU & KASHMIR AND LADAKH,0,,1.3,,-100%,NR,6.7,9.1,-27%,D,,
,JAMMU & KASHMIR (UT),0,,1.3,,-100%,NR,6.7,9.1,-27%,D,,
1,ANANTNAG,0,,0.8,,-100%,NR,2.7,7.7,-66%,LD,,
2,BADGAM,0,,0.4,,-100%,NR,0,5.1,-100%,NR,,
3,BANDIPORA,0,,0.5,,-100%,NR,3.4,4.7,-29%,D,,
4,BARAMULA,0,,1.8,,-100%,NR,1.3,11,-88%,LD,,
5,DODA,0,,1.4,,-100%,NR,3.6,8.9,-60%,LD,,
6,GANDERBAL,0,,1.7,,-100%,NR,3.5,11,-68%,LD,,
,,,,,,DAY: 10-10-2026,,,,PERIOD: 01-10-2026 to 10-10-2026,,,
S.No,,MET.SUBDIVISION/UT/STATE/DISTRICT,,ACTUAL(mm),,NORMAL(mm),%DEP.,CAT.,ACTUAL(mm),NORMAL(mm),%DEP.,CAT.,
7,JAMMU,,0,,2.3,,-100%,NR,21.7,15.7,38%,E,
8,KATHUA,,0,,0.6,,-100%,NR,6.2,6.8,-9%,N,
9,KISTWAR,,0,,1.4,,-100%,NR,3,8.9,-66%,LD,
10,KULGAM,,0,,1,,-100%,NR,0.2,9.2,-98%,LD,
11,KUPWARA,,0,,1.2,,-100%,NR,5.8,9.1,-37%,D,
12,POONCH,,0,,0.7,,-100%,NR,5,5.3,-6%,N,
13,PULWAMA,,0,,0.1,,-100%,NR,1.8,5.1,-65%,LD,
14,RAJOURI,,0,,0,,-100%,NR,11.8,2.1,447%,LE,
15,RAMBAN,,0,,1.5,,-100%,NR,7.3,8.9,-18%,N,
16,REASI,,0,,1.8,,-100%,NR,31.6,15.1,109%,LE,
17,SAMBA,,0,,0,,-100%,NR,29.5,1.3,2069%,LE,
18,SHOPIAN,,0,,0.3,,-100%,NR,0.2,4.3,-96%,LD,
19,SRINAGAR,,0,,0.7,,-100%,NR,2,5.7,-66%,LD,
20,UDHAMPUR,,0,,2.6,,-100%,NR,9,19.2,-53%,D,
,LADAKH (UT),,0,,0.1,,-100%,NR,0.6,0.5,17%,N,
1,KARGIL,,0,,0,,-100%,NR,0,0.3,-100%,NR,
2,LADAKH (LEH),,0,,0.1,,-100%,NR,0.8,0.6,18%,N,
,RAJASTHAN,,0,,0.4,,-100%,NR,0,5.7,-99%,LD,
,EAST RAJASTHAN,,0,,0.5,,-100%,NR,0.1,8.2,-99%,LD,
1,AJMER,,0,,0.4,,-100%,NR,0,4.5,-100%,NR,
2,ALWAR,,0,,0.3,,-100%,NR,0,7.5,-100%,NR,
3,BANSWARA,,0,,1.1,,-100%,NR,0,12.9,-100%,NR,
4,BARAN,,0,,0.4,,-100%,NR,0,12,-100%,NR,
5,BHARATPUR,,0,,0.1,,-100%,NR,0,7.3,-100%,NR,
6,BHILWARA,,0,,0.3,,-100%,NR,0,5,-100%,NR,
7,BUNDI,,0,,0.1,,-100%,NR,0,4.5,-100%,NR,
,,,,,DAY: 10-10-2026,,,,,PERIOD: 01-10-2026 to 10-10-2026,,,
S.No,MET.SUBDIVISION/UT/STATE/DISTRICT,,ACTUAL(mm),,NORMAL(mm),%DEP.,CAT.,,ACTUAL(mm),NORMAL(mm),%DEP.,CAT.,
8,CHITTORGARH,0,,0.7,,-100%,NR,0,,8.3,-100%,NR,
9,DAUSA,0,,0.1,,-100%,NR,0,,6.7,-100%,NR,
10,DHOLPUR,0,,0,,-100%,NR,0,,10.1,-100%,NR,
11,DUNGARPUR,0,,1.8,,-100%,NR,0,,12.4,-100%,NR,
12,JAIPUR,0,,0.4,,-100%,NR,0,,7.3,-100%,NR,
13,JHALAWAR,0,,0.8,,-100%,NR,0,,13,-100%,NR,
14,JHUNJHUNU,0,,0.2,,-100%,NR,0,,5.3,-100%,NR,
15,KARAULI,0,,0,,-100%,NR,0,,6.8,-100%,NR,
16,KOTA,0,,0.8,,-100%,NR,0,,10.9,-100%,NR,
17,PRATAPGARH,0,,1.2,,-100%,NR,0,,15.4,-100%,NR,
18,RAJSAMAND,0,,0.5,,-100%,NR,2.3,,7.2,-68%,LD,
19,SAWAI MADHOPUR,0,,0.7,,-100%,NR,0,,13,-100%,NR,
20,SIKAR,0,,0.2,,-100%,NR,0,,5.7,-100%,NR,
21,SIROHI,0,,1.8,,-100%,NR,0,,10.1,-100%,NR,
22,TONK,0,,0.5,,-100%,NR,0,,5.6,-100%,NR,
23,UDAIPUR,0,,1.1,,-100%,NR,0,,8.9,-100%,NR,
,WEST RAJASTHAN,0,,0.3,,-100%,NR,0,,3.6,-100%,NR,
1,BARMER,0,,0,,-100%,NR,0,,4.5,-100%,NR,
2,BIKANER,0,,0.5,,-100%,NR,0,,4.1,-100%,NR,
3,CHURU,0,,0.2,,-100%,NR,0,,4.6,-100%,NR,
4,HANUMANGARH,0,,0.3,,-100%,NR,0,,2.8,-100%,NR,
5,JAISALMER,0,,0,,-100%,NR,0,,1.8,-100%,NR,
6,JALORE,0,,0.6,,-100%,NR,0,,5.1,-100%,NR,
7,JODHPUR,0,,0,,-100%,NR,0,,2.2,-100%,NR,
8,NAGAUR,0,,0.3,,-100%,NR,0,,4.5,-100%,NR,
9,PALI,0,,0.3,,-100%,NR,0,,5.3,-100%,NR,
,,,,,DAY: 10-10-2026,,,,,PERIOD: 01-10-2026 to 10-10-2026,,,
S.No,MET.SUBDIVISION/UT/STATE/DISTRICT,,ACTUAL(mm),,NORMAL(mm),%DEP.,CAT.,,ACTUAL(mm),NORMAL(mm),%DEP.,CAT.,
10,SRI GANGANAGAR,0,,0.3,,-100%,NR,0,,2.6,-100%,NR,
,MADHYA PRADESH,0,,1.3,,-100%,NR,0.5,,19.8,-98%,LD,
,WEST MADHYA PRADESH,0,,1.7,,-100%,NR,0.2,,17.6,-99%,LD,
1,AGAR-MALWA,0,,1.8,,-100%,NR,0,,16.2,-100%,NR,
2,ALIRAJPUR,0,,0.8,,-100%,NR,0,,16.7,-100%,NR,
3,ASHOKNAGAR,0,,0.3,,-100%,NR,0,,15.4,-100%,NR,
4,BARWANI,0,,1.6,,-100%,NR,0,,16.1,-100%,NR,
5,BETUL,0,,3,,-100%,NR,0.2,,21.5,-99%,LD,
6,BHIND,0,,0.6,,-100%,NR,0,,15.2,-100%,NR,
7,BHOPAL,0,,2.1,,-100%,NR,0,,21.2,-100%,NR,
8,BURHANPUR,0,,3.1,,-100%,NR,0,,25.4,-100%,NR,
9,DATIA,0,,2.8,,-100%,NR,0,,19.6,-100%,NR,
10,DEWAS,0,,1.7,,-100%,NR,0,,15.8,-100%,NR,
11,DHAR,0,,2,,-100%,NR,0.1,,20.8,-99%,LD,
12,GUNA,0,,0.3,,-100%,NR,0,,18.4,-100%,NR,
13,GWALIOR,0,,1.2,,-100%,NR,1,,18.2,-94%,LD,
14,HARDA,0,,2,,-100%,NR,0,,23,-100%,NR,
15,INDORE,0,,2,,-100%,NR,0,,21.6,-100%,NR,
16,JHABUA,0,,1,,-100%,NR,0,,20.3,-100%,NR,
17,KHANDWA,0,,2.3,,-100%,NR,0,,20.7,-100%,NR,
18,KHARGONE,0,,3.2,,-100%,NR,0,,20.5,-100%,NR,
19,MANDSAUR,0,,1.1,,-100%,NR,0,,14.2,-100%,NR,
20,MORENA,0,,1.3,,-100%,NR,0,,14.6,-100%,NR,
21,NARMADAPURAM,0,,2.2,,-100%,NR,0,,16.7,-100%,NR,
22,NEEMUCH,0,,1.8,,-100%,NR,0,,10.5,-100%,NR,
23,RAISEN,0,,2.1,,-100%,NR,0.9,,19,-95%,LD,
,,,,,,DAY: 10-10-2026,,,,,PERIOD: 01-10-2026 to 10-10-2026,,
S.No,,MET.SUBDIVISION/UT/STATE/DISTRICT,,ACTUAL(mm),,NORMAL(mm),%DEP.,CAT.,,ACTUAL(mm),NORMAL(mm),%DEP.,CAT.
24,RAJGARH,,0,,0.9,,-100%,NR,0,,16.9,-100%,NR
25,RATLAM,,0,,1.9,,-100%,NR,0,,22.9,-100%,NR
26,SEHORE,,0,,1.9,,-100%,NR,0,,15.3,-100%,NR
27,SHAJAPUR,,0,,1.3,,-100%,NR,0,,13.6,-100%,NR
28,SHEOPUR,,0,,0.9,,-100%,NR,2.8,,9.4,-70%,LD
29,SHIVPURI,,0,,1,,-100%,NR,0,,17.4,-100%,NR
30,UJJAIN,,0,,1.7,,-100%,NR,0,,15.8,-100%,NR
31,VIDISHA,,0,,0.6,,-100%,NR,0.1,,15.1,-99%,LD
,EAST MADHYA PRADESH,,0,,1,,-100%,NR,0.9,,22.7,-96%,LD
1,ANUPPUR,,0,,1.4,,-100%,NR,6.3,,26.5,-76%,LD
2,BALAGHAT,,0,,1.5,,-100%,NR,0,,26.6,-100%,NR
3,CHHATARPUR,,0,,1.1,,-100%,NR,0,,24.3,-100%,NR
4,CHHINDWARA,,0,,2.6,,-100%,NR,0.9,,26.4,-97%,LD
5,DAMOH,,0,,0.3,,-100%,NR,0,,18.6,-100%,NR
6,DINDORI,,0,,1,,-100%,NR,0.3,,17.3,-98%,LD
7,JABALPUR,,0,,0.9,,-100%,NR,0,,18,-100%,NR
8,KATNI,,0,,1.9,,-100%,NR,0.2,,20.8,-99%,LD
9,MANDLA,,0,,2,,-100%,NR,0,,22.9,-100%,NR
10,NARSINGHPUR,,0,,0.7,,-100%,NR,2.6,,15.8,-84%,LD
11,NIWARI,,0,,0,,-100%,NR,0,,21.5,-100%,NR
12,PANNA,,0,,0.6,,-100%,NR,0,,22,-100%,NR
13,REWA,,0,,0.3,,-100%,NR,0.3,,26.8,-99%,LD
14,SAGAR,,0,,0.2,,-100%,NR,0.2,,15.7,-99%,LD
15,SATNA,,0,,0.4,,-100%,NR,0.1,,22.3,-99%,LD
16,SEONI,,0,,1.6,,-100%,NR,2.3,,26,-91%,LD
17,SHAHDOL,,0,,0.1,,-100%,NR,0,,20.3,-100%,NR
,,,,,DAY: 10-10-2026,,,,,PERIOD: 01-10-2026 to 10-10-2026,,,
S.No,MET.SUBDIVISION/UT/STATE/DISTRICT,,ACTUAL(mm),,NORMAL(mm),%DEP.,CAT.,,ACTUAL(mm),NORMAL(mm),%DEP.,CAT.,
18,SIDHI,0,,0,,-100%,NR,2,,25.3,-92%,LD,
19,SINGRAULI,0,,2.6,,-100%,NR,6.3,,26.4,-76%,LD,
20,TIKAMGARH,0,,0.4,,-100%,NR,0,,15.6,-100%,NR,
21,UMARIA,0,,0.4,,-100%,NR,0,,31.1,-100%,NR,
22,MAIHAR,0,,1.7,,-100%,NR,0,,29.6,-100%,NR,
23,MAUGANJ,0,,0.6,,-100%,NR,0,,22,-100%,NR,
24,PANDHURNA,0,,3.7,,-100%,NR,0,,24.8,-100%,NR,
,GUJARAT,0,,0.8,,-100%,NR,0.3,,10.9,-97%,LD,
,GUJARAT REGION,0,,1.2,,-100%,NR,0,,13.7,-100%,NR,
,GUJARAT,0,,0.8,,-100%,NR,0.3,,10.9,-97%,LD,
1,AHMEDABAD,0,,0.6,,-100%,NR,0,,11.3,-100%,NR,
2,ANAND,0,,0.2,,-100%,NR,0,,9.1,-100%,NR,
3,ARAVALLI,0,,0.9,,-100%,NR,0,,11.5,-100%,NR,
4,BANASKANTHA,0,,1.1,,-100%,NR,0,,9.9,-100%,NR,
5,BHARUCH,0,,0.9,,-100%,NR,0,,11.9,-100%,NR,
6,CHHOTA UDEPUR,0,,2.6,,-100%,NR,0,,16.8,-100%,NR,
7,DAHOD,0,,1.2,,-100%,NR,0,,13.6,-100%,NR,
8,DANGS,0,,4.4,,-100%,NR,0,,45.5,-100%,NR,
9,GANDHINAGAR,0,,0.2,,-100%,NR,0,,10.4,-100%,NR,
10,KHEDA,0,,0.5,,-100%,NR,0,,9.9,-100%,NR,
11,MAHISAGAR,0,,0.2,,-100%,NR,0,,10.8,-100%,NR,
12,MEHSANA,0,,0.9,,-100%,NR,0,,11.4,-100%,NR,
13,NARMADA,0,,2.3,,-100%,NR,0,,17,-100%,NR,
14,NAVSARI,0,,1.7,,-100%,NR,0,,18.2,-100%,NR,
15,PANCHMAHAL,0,,0.5,,-100%,NR,0,,10.1,-100%,NR,
16,PATAN,0,,1.1,,-100%,NR,0,,8.5,-100%,NR,
,,,,,DAY: 10-10-2026,,,,,PERIOD: 01-10-2026 to 10-10-2026,,,
S.No,MET.SUBDIVISION/UT/STATE/DISTRICT,,ACTUAL(mm),,NORMAL(mm),%DEP.,CAT.,,ACTUAL(mm),NORMAL(mm),%DEP.,CAT.,
17,SABARKANTHA,0,,1.5,,-100%,NR,0,,13.3,-100%,NR,
18,SURAT,0,,2.4,,-100%,NR,0,,20.6,-100%,NR,
19,TAPI,0,,1,,-100%,NR,0,,16.2,-100%,NR,
20,VADODARA,0,,1.2,,-100%,NR,0,,14.2,-100%,NR,
21,VALSAD,0,,1.8,,-100%,NR,0,,26.1,-100%,NR,
,DADRA & NAGAR HAVELI AND DAMAN & DIU (UT),0,,2.5,,-100%,NR,0,,21.2,-100%,NR,
1,DADARA & NAGAR HAVELI,0,,2.6,,-100%,NR,0,,22.1,-100%,NR,
2,DAMAN,0,,2.6,,-100%,NR,0,,22.1,-100%,NR,
,SAURASHTRA & KUTCH,0,,0.4,,-100%,NR,0.6,,8.6,-93%,LD,
,GUJARAT,0,,0.8,,-100%,NR,0.3,,10.9,-97%,LD,
1,AMRELI,0,,1,,-100%,NR,0.2,,14.4,-99%,LD,
2,BHAVNAGAR,0,,1.2,,-100%,NR,0,,12.6,-100%,NR,
3,BOTAD,0,,0.4,,-100%,NR,0,,15.2,-100%,NR,
4,DEVBHOOMI DWARKA,0,,0.4,,-100%,NR,0,,6.9,-100%,NR,
5,GIR SOMNATH,0,,0.6,,-100%,NR,5.8,,10.7,-45%,D,
6,JAMNAGAR,0,,0.5,,-100%,NR,3.2,,9.5,-67%,LD,
7,JUNAGADH,0,,0.7,,-100%,NR,3.4,,14.5,-76%,LD,
8,KUTCH,0,,0.2,,-100%,NR,0,,4.8,-100%,NR,
9,MORBI,0,,0.2,,-100%,NR,0,,7,-100%,NR,
10,PORBANDAR,0,,0.3,,-100%,NR,0,,10.3,-100%,NR,
11,RAJKOT,0,,0.3,,-100%,NR,0,,11.9,-100%,NR,
12,SURENDRANAGAR,0,,0.2,,-100%,NR,0,,9.2,-100%,NR,
,DADRA & NAGAR HAVELI AND DAMAN & DIU (UT),0,,2.5,,-100%,NR,0,,21.2,-100%,NR,
1,DIU,0,,0,,-100%,NR,0,,7.6,-100%,NR,
,KONKAN & GOA,0,,5.2,,-100%,NR,3.4,,65.7,-95%,LD,
,MAHARASHTRA,0,,3.2,,-99%,LD,0.9,,38.4,-98%,LD,
,,,,,DAY: 10-10-2026,,,,,PERIOD: 01-10-2026 to 10-10-2026,,,
S.No,MET.SUBDIVISION/UT/STATE/DISTRICT,,ACTUAL(mm),,NORMAL(mm),%DEP.,CAT.,,ACTUAL(mm),NORMAL(mm),%DEP.,CAT.,
1,MUMBAI CITY,0,,3.3,,-100%,NR,0,,48.8,-100%,NR,
2,MUMBAI SUBURBAN,0,,2.5,,-100%,NR,4.4,,53.4,-92%,LD,
3,PALGHAR,0,,4.1,,-100%,NR,2.3,,38.3,-94%,LD,
4,RAIGAD,0,,5.4,,-100%,NR,3.9,,67.9,-94%,LD,
5,RATNAGIRI,0,,6.7,,-100%,NR,0.4,,75.6,-99%,LD,
6,SINDHUDURG,0,,5.5,,-100%,NR,3.5,,82.1,-96%,LD,
7,THANE,0,,3.1,,-100%,NR,11,,46.4,-76%,LD,
,GOA,0,,5.3,,-100%,NR,1.6,,79.8,-98%,LD,
1,NORTH GOA,0,,6.9,,-100%,NR,1.9,,83,-98%,LD,
2,SOUTH GOA,0,,4,,-100%,NR,1.3,,77,-98%,LD,
,MADHYA MAHARASHTRA,0,,3.1,,-100%,NR,1.5,,39,-96%,LD,
1,AHMEDNAGAR,0,,2.7,,-100%,NR,0.5,,35.7,-99%,LD,
2,DHULE,0,,1.6,,-100%,NR,0,,21.1,-100%,NR,
3,JALGAON,0,,2.8,,-100%,NR,0,,23.5,-100%,NR,
4,KOLHAPUR,0,,3.9,,-100%,NR,8.7,,58.1,-85%,LD,
5,NANDURBAR,0,,1.6,,-100%,NR,0,,18,-100%,NR,
6,NASHIK,0,,3.3,,-100%,NR,1.4,,34.8,-96%,LD,
7,PUNE,0,,3.4,,-100%,NR,1.5,,42.8,-96%,LD,
8,SANGLI,0,,3.1,,-100%,NR,3.9,,52,-92%,LD,
9,SATARA,0,,2.9,,-100%,NR,1.4,,48.4,-97%,LD,
10,SHOLAPUR,0,,4.4,,-100%,NR,0,,48.3,-100%,NR,
,MARATHWADA,0,,3.1,,-100%,NR,0,,36.2,-100%,NR,
1,BEED,0,,2.5,,-100%,NR,0,,35,-100%,NR,
2,CHHATRAPATI SAMBHAJINAGAR,0,,2.8,,-100%,NR,0,,26.7,-100%,NR,
3,DHARASHIV,0,,3.2,,-100%,NR,0,,41.6,-100%,NR,
4,HINGOLI,0,,4,,-100%,NR,0,,34.4,-100%,NR,
,,,,,DAY: 10-10-2026,,,,PERIOD: 01-10-2026 to 10-10-2026,,,,
S.No,MET.SUBDIVISION/UT/STATE/DISTRICT,,ACTUAL(mm),,NORMAL(mm),%DEP.,CAT.,ACTUAL(mm),NORMAL(mm),%DEP.,CAT.,,
5,JALNA,0,,3.6,,-100%,NR,0,30.9,-100%,NR,,
6,LATUR,0,,3.3,,-100%,NR,0,46.1,-100%,NR,,
7,NANDED,0,,2.7,,-100%,NR,0,38.7,-100%,NR,,
8,PARBHANI,0,,3.5,,-100%,NR,0,38.9,-100%,NR,,
,VIDARBHA,0,,2.9,,-99%,LD,0.1,31.3,-99%,LD,,
1,AKOLA,0,,3.3,,-99%,LD,0.1,30.6,-99%,LD,,
2,AMRAOTI,0,,2.9,,-99%,LD,0.7,27.7,-98%,LD,,
3,BHANDARA,0,,1.4,,-100%,NR,0.1,27.5,-99%,LD,,
4,BULDHANA,0,,3.2,,-100%,NR,0,32.6,-99%,LD,,
5,CHANDRAPUR,0,,2.1,,-99%,LD,0,32.7,-99%,LD,,
6,GADCHIROLI,0,,3.1,,-100%,NR,0,35.3,-99%,LD,,
7,GONDIA,0.1,,1.4,,-96%,LD,0.2,25.3,-99%,LD,,
8,NAGPUR,0,,2.4,,-99%,LD,0.1,27.3,-99%,LD,,
9,WARDHA,0,,2,,-98%,LD,0.3,29.7,-99%,LD,,
10,WASHIM,0,,4.9,,-100%,NR,0.2,35.5,-99%,LD,,
11,YEOTMAL,0,,3.7,,-99%,LD,0.1,33.9,-99%,LD,,
,CHHATTISGARH,0,,2.3,,-99%,LD,2.3,33.6,-93%,LD,,
1,BALOD,0,,2,,-100%,NR,0.4,26.7,-98%,LD,,
2,BALODA BAZAR,0,,0.4,,-100%,NR,0.1,20.8,-99%,LD,,
3,BALRAMPUR,0,,1.2,,-100%,NR,15.9,32.3,-51%,D,,
4,BASTAR,0,,3,,-100%,NR,1.2,45.1,-97%,LD,,
5,BEMETARA,0,,2.4,,-100%,NR,0.3,26.5,-99%,LD,,
6,BIJAPUR,0,,4.1,,-100%,NR,1.8,49.6,-96%,LD,,
7,BILASPUR,0,,1.2,,-100%,NR,4.8,27.7,-83%,LD,,
8,DANTEWADA,0,,4.1,,-100%,NR,0,57.9,-100%,NR,,
9,DHAMTARI,0,,0.9,,-100%,NR,0,30.7,-100%,NR,,
,,,,,DAY: 10-10-2026,,,,PERIOD: 01-10-2026 to 10-10-2026,,,,
S.No,MET.SUBDIVISION/UT/STATE/DISTRICT,,ACTUAL(mm),,NORMAL(mm),%DEP.,CAT.,ACTUAL(mm),NORMAL(mm),%DEP.,CAT.,,
10,DURG,0,,1.2,,-100%,NR,4.4,27.3,-84%,LD,,
11,GARIABAND,0,,2.6,,-100%,NR,2,36.7,-95%,LD,,
12,GAURELA PENDRA MARWAHI,0,,1.2,,-100%,NR,0.4,43.9,-99%,LD,,
13,JANJGIR,0,,1.6,,-100%,NR,1.3,28.7,-95%,LD,,
14,JASHPUR,0,,1.6,,-100%,NR,3.6,37.1,-90%,LD,,
15,KABIRDHAM,0,,1.3,,-100%,NR,7.6,31.8,-76%,LD,,
16,KANKER,0,,2.3,,-100%,NR,0.1,32.9,-99%,LD,,
17,KHAIRAGARH CHH GANDAI,0,,1.2,,-100%,NR,1.2,26,-95%,LD,,
18,KONDAGAON,0,,3.4,,-100%,NR,2,41.7,-95%,LD,,
19,KORBA,0.1,,2.4,,-96%,LD,1.5,30.8,-95%,LD,,
20,KORIYA,0,,2.5,,-100%,NR,0,22.3,-100%,NR,,
21,MAHASAMUND,0,,1.2,,-100%,NR,0,26.1,-100%,NR,,
22,MANENDRAGARH BHARATPUR,0,,2.5,,-100%,NR,0,22.4,-100%,NR,,
23,MOHALA MANPUR CHOWKI,0,,2.7,,-100%,NR,0,27.4,-100%,NR,,
24,MUNGELI,0,,1.4,,-100%,NR,13.2,22.5,-41%,D,,
25,NARAYANPUR,0,,4.1,,-100%,NR,0,36.5,-100%,NR,,
26,RAIGARH,0,,1.1,,-100%,NR,3.6,25,-86%,LD,,
27,RAIPUR,0,,1.7,,-100%,NR,3.2,24.4,-87%,LD,,
28,RAJNANDGAON,0,,1.3,,-100%,NR,0,32.2,-100%,NR,,
29,SAKTI,0,,0.6,,-100%,NR,0.8,20.3,-96%,LD,,
30,SARANGARH BILAIGARH,0,,2,,-100%,NR,0,25.2,-100%,NR,,
31,SUKMA,0,,5.3,,-100%,NR,0.7,46.8,-98%,LD,,
32,SURAJPUR,0.2,,0.7,,-75%,LD,0.2,34.5,-99%,LD,,
33,SURGUJA,0.1,,2.9,,-96%,LD,2.3,39.1,-94%,LD,,
,ANDHRA PRADESH,0.2,,5.3,,-97%,LD,9.7,60.5,-84%,LD,,
,COASTAL ANDHRA PRADESH & YANAM,0.3,,5.7,,-95%,LD,7.6,66.6,-89%,LD,,
,,,,,DAY: 10-10-2026,,,,PERIOD: 01-10-2026 to 10-10-2026,,,,
S.No,MET.SUBDIVISION/UT/STATE/DISTRICT,,ACTUAL(mm),,NORMAL(mm),%DEP.,CAT.,ACTUAL(mm),NORMAL(mm),%DEP.,CAT.,,
,ANDHRA PRADESH,0.2,,5.3,,-97%,LD,9.7,60.5,-84%,LD,,
1,ANAKAPALLI,0,,5.2,,-100%,NR,32.4,89.7,-64%,LD,,
2,BAPATLA,0,,5.5,,-100%,NR,8.7,64.6,-87%,LD,,
3,DR B R AMBEDKAR KONASEEMA,0,,9.3,,-100%,NR,19,101.6,-81%,LD,,
4,EAST GODAVARI,0,,6.4,,-100%,NR,2.5,83.9,-97%,LD,,
5,ELURU,2,,5.1,,-61%,LD,8.5,56.7,-85%,LD,,
6,GUNTUR,0,,5.5,,-100%,NR,5.4,52.2,-90%,LD,,
7,KAKINADA,0,,5.9,,-100%,NR,22.5,72.5,-69%,LD,,
8,KRISHNA,0,,4.2,,-100%,NR,1.1,65.1,-98%,LD,,
9,NTR DISTRICT,0,,9.3,,-100%,NR,7.4,62.8,-88%,LD,,
10,PALNADU,0,,4.1,,-100%,NR,2.9,50.8,-94%,LD,,
11,PARVATHIPURAM MANYAM,0,,3.8,,-100%,NR,4.9,61.5,-92%,LD,,
12,PRAKASAM,0.6,,5.2,,-89%,LD,7.8,55.9,-86%,LD,,
13,SPSR NELLORE,0,,6.3,,-100%,NR,6.1,55.3,-89%,LD,,
14,SRI ALLURI SITHARAMARAJU DISTRICT,0,,5.1,,-100%,NR,2.5,68.8,-96%,LD,,
15,SRIKAKULAM,0.6,,5,,-89%,LD,6.3,85.9,-93%,LD,,
16,VISHAKHAPATNAM,0,,5.2,,-100%,NR,3.3,88.5,-96%,LD,,
17,VIZIANAGARAM,0,,7.1,,-100%,NR,1,74.1,-99%,LD,,
18,WEST GODAVARI,0,,7.6,,-100%,NR,16,79.9,-80%,LD,,
,PUDUCHERRY (UT),0,,3.3,,-100%,NR,9.2,58.6,-84%,LD,,
1,YANAM,0,,7.9,,-100%,NR,6.6,98.4,-93%,LD,,
,RAYALASEEMA,0.1,,4.6,,-99%,LD,12.5,51.7,-76%,LD,,
1,ANANTAPURAMU,0,,2.3,,-98%,LD,4.4,44.5,-90%,LD,,
2,ANNAMAYYA DISTRICT,0,,5.3,,-100%,NR,43.2,51.4,-16%,N,,
3,CHITTOOR,0,,5.8,,-100%,NR,34,62.1,-45%,D,,
4,KURNOOL,0,,6.2,,-100%,NR,0,53.3,-100%,NR,,
,,,,,DAY: 10-10-2026,,,,PERIOD: 01-10-2026 to 10-10-2026,,,,
S.No,MET.SUBDIVISION/UT/STATE/DISTRICT,,ACTUAL(mm),,NORMAL(mm),%DEP.,CAT.,ACTUAL(mm),NORMAL(mm),%DEP.,CAT.,,
5,NANDYAL,0,,5.8,,-100%,NR,0.7,53.7,-99%,LD,,
6,SRI SATHYASAI DISTRICT,0.2,,3.1,,-95%,LD,20.7,52,-60%,LD,,
7,TIRUPATI,0,,4,,-100%,NR,7.4,50.8,-85%,LD,,
8,YSR DISTRICT,0.2,,4.8,,-97%,LD,4,50.7,-92%,LD,,
,TELANGANA,0,,4.1,,-99%,LD,1.5,43.6,-97%,LD,,
1,ADILABAD,0,,2.2,,-100%,NR,0.6,36.6,-98%,LD,,
2,B. KOTHAGUDEM,0,,2.6,,-100%,NR,2,47.2,-96%,LD,,
3,HANUMAKONDA,0,,2.4,,-100%,NR,0,33.3,-99%,LD,,
4,HYDERABAD,0,,7.4,,-99%,LD,0.2,52.4,-99%,LD,,
5,J. BHUPALPALLY,0,,2.4,,-100%,NR,0.1,35.2,-99%,LD,,
6,JAGTIAL,0,,3.5,,-100%,NR,0,38.7,-99%,LD,,
7,JANGAON,0.1,,2.4,,-94%,LD,0.2,40.4,-99%,LD,,
8,JOGULAMBA GADWAL,0,,7.9,,-100%,NR,0,46.7,-100%,NR,,
9,KAMAREDDY,0,,4.6,,-100%,NR,0.2,40.8,-99%,LD,,
10,KARIMNAGAR,0,,3.8,,-100%,NR,0,40.5,-100%,NR,,
11,KHAMMAM,0.1,,5.6,,-99%,LD,1.9,56.5,-97%,LD,,
12,KUMARAM BHEEM,0,,3.6,,-100%,NR,0.1,39.9,-99%,LD,,
13,M. MALKAJGIRI,0,,6.6,,-99%,LD,0.5,43.5,-99%,LD,,
14,MAHABUBABAD,0,,3.8,,-100%,NR,0.5,45.9,-99%,LD,,
15,MAHABUBNAGAR,0,,7.2,,-100%,NR,0,50.5,-99%,LD,,
16,MANCHERIAL,0.6,,3.2,,-81%,LD,2.3,41.1,-94%,LD,,
17,MEDAK,0,,3,,-100%,NR,0.1,41.1,-99%,LD,,
18,MULUGU,0,,2.1,,-100%,NR,3.4,41.4,-92%,LD,,
19,NAGARKURNOOL,0,,6.6,,-100%,NR,0.2,50.2,-99%,LD,,
20,NALGONDA,0,,3.8,,-100%,NR,1,49.9,-98%,LD,,
21,NARAYANPET,0,,6.9,,-100%,NR,0.1,39.4,-99%,LD,,
,,,,DAY: 10-10-2026,,,,PERIOD: 01-10-2026 to 10-10-2026,,,,,
S.No,MET.SUBDIVISION/UT/STATE/DISTRICT,ACTUAL(mm),,NORMAL(mm),%DEP.,CAT.,ACTUAL(mm),NORMAL(mm),%DEP.,CAT.,,,
22,NIRMAL,0,2.8,,-100%,NR,0.9,34,-97%,LD,,,
23,NIZAMABAD,0,4.4,,-100%,NR,0,36.3,-100%,NR,,,
24,PEDDAPALLE,0,3,,-100%,NR,0.5,40.2,-99%,LD,,,
25,RAJANNA SIRCILLA,1,5.1,,-80%,LD,49.2,37.7,30%,E,,,
26,RANGAREDDY,0,5.4,,-99%,LD,1.2,47.5,-98%,LD,,,
27,SANGAREDDY,0.1,3.1,,-97%,LD,0.5,42.5,-99%,LD,,,
28,SIDDIPET,0,2.7,,-100%,NR,0.1,36.8,-99%,LD,,,
29,SURYAPET,0,3.5,,-100%,NR,0.1,48.8,-99%,LD,,,
30,VIKARABAD,0,5.3,,-100%,NR,0.1,47.6,-99%,LD,,,
31,WANAPARTHY,0,5.7,,-100%,NR,0,56,-99%,LD,,,
32,WARANGAL,0,1.6,,-98%,LD,0.4,31.8,-99%,LD,,,
33,Y. BHUVANAGIRI,0,4.7,,-100%,NR,0,48.1,-100%,NR,,,
,TAMILNADU & PUDUCHERRY & KARAIKAL,3.1,4.4,,-29%,D,27.2,43.9,-38%,D,,,
,TAMILNADU,3.1,4.3,,-27%,D,27.3,43.8,-38%,D,,,
1,ARIYALUR,0.7,2.8,,-75%,LD,8.8,44.3,-80%,LD,,,
2,CHENGALPATTU,0,5.6,,-100%,NR,1.3,48.8,-97%,LD,,,
3,CHENNAI,0,3.9,,-100%,NR,0.4,56,-99%,LD,,,
4,COIMBATORE,4.9,4.8,,2%,N,76.3,39.9,91%,LE,,,
5,CUDDALORE,0.7,3.7,,-81%,LD,14,46.3,-70%,LD,,,
6,DHARMAPURI,0,4.5,,-100%,NR,30.2,62.9,-52%,D,,,
7,DINDIGUL,1.9,4.5,,-58%,D,30.5,46.8,-35%,D,,,
8,ERODE,6,4.6,,30%,E,17.1,42.1,-59%,D,,,
9,KALLAKURICHI,0,5.9,,-99%,LD,27.3,51.1,-47%,D,,,
10,KANCHEEPURAM,0.6,4.7,,-86%,LD,7.9,53.9,-85%,LD,,,
11,KANYAKUMARI,15.8,8.3,,90%,LE,60.7,66.9,-9%,N,,,
12,KARUR,0.5,4.2,,-89%,LD,25.2,34.3,-27%,D,,,
,,,,DAY: 10-10-2026,,,,PERIOD: 01-10-2026 to 10-10-2026,,,,,
S.No,MET.SUBDIVISION/UT/STATE/DISTRICT,ACTUAL(mm),,NORMAL(mm),%DEP.,CAT.,ACTUAL(mm),NORMAL(mm),%DEP.,CAT.,,,
13,KRISHNAGIRI,0,3.6,,-100%,NR,39.5,61.6,-36%,D,,,
14,MADURAI,18,5.6,,222%,LE,32.5,47.1,-31%,D,,,
15,MAYILADUTHURAI,0.4,2.5,,-83%,LD,7.9,42.1,-81%,LD,,,
16,NAGAPATTINAM,0,1.8,,-100%,NR,2.6,34.2,-92%,LD,,,
17,NAMAKKAL,0,4.5,,-100%,NR,30.4,43.9,-31%,D,,,
18,NILGIRIS,14.2,5.1,,179%,LE,111.6,58.2,92%,LE,,,
19,PERAMBALUR,0,4.5,,-100%,NR,32.7,42.7,-23%,D,,,
20,PUDUKKOTTAI,4.2,2.4,,76%,LE,17.7,36,-51%,D,,,
21,RAMANATHAPURAM,1.8,3.9,,-55%,D,20.6,30.2,-32%,D,,,
22,RANIPET,0,4.4,,-100%,NR,2.3,45.2,-95%,LD,,,
23,SALEM,0,5.6,,-99%,LD,13.3,55,-76%,LD,,,
24,SIVAGANGA,1.6,4.8,,-68%,LD,11.8,46.2,-74%,LD,,,
25,TENKASI,9.2,3,,208%,LE,44.8,26,72%,LE,,,
26,THANJAVUR,0.7,2.8,,-74%,LD,8.9,40.6,-78%,LD,,,
27,THENI,4.8,4.6,,5%,N,49.9,38.5,30%,E,,,
28,THIRUCHIRAPALLI,0.4,3.7,,-88%,LD,16.7,43.9,-62%,LD,,,
29,THIRUVALLUR,0,4.1,,-100%,NR,5.5,48.1,-89%,LD,,,
30,THOOTHUKUDI,4.3,3.9,,9%,N,23.5,20.6,14%,N,,,
31,TIRUNELVELI,12.7,2.6,,388%,LE,46.4,19.5,138%,LE,,,
32,TIRUPATTUR,0,4.2,,-100%,NR,25.1,47.9,-48%,D,,,
33,TIRUPPUR,1.7,3.7,,-55%,D,29.3,34.4,-15%,N,,,
34,TIRUVANNAMALAI,1.2,5.6,,-78%,LD,23.5,56.4,-58%,D,,,
35,TIRUVARUR,0,2.8,,-100%,NR,17.6,38.3,-54%,D,,,
36,VELLORE,0.1,6,,-99%,LD,17.4,50.4,-65%,LD,,,
37,VILLUPURAM,1,5.3,,-82%,LD,14.9,48.6,-69%,LD,,,
38,VIRUDHUNAGAR,8.3,4.1,,101%,LE,39.8,33.7,18%,N,,,
,,,,,DAY: 10-10-2026,,,,PERIOD: 01-10-2026 to 10-10-2026,,,,
S.No,MET.SUBDIVISION/UT/STATE/DISTRICT,,ACTUAL(mm),,NORMAL(mm),%DEP.,CAT.,ACTUAL(mm),NORMAL(mm),%DEP.,CAT.,,
,PUDUCHERRY (UT),0,,3.3,,-100%,NR,9.2,58.6,-84%,LD,,
1,KARAIKAL,0,,0.4,,-100%,NR,26.5,37.3,-29%,D,,
2,PUDUCHERRY,0,,4.4,,-100%,NR,0,65.4,-100%,NR,,
,KARNATAKA,1,,4.3,,-76%,LD,16.4,56.6,-71%,LD,,
,NORTHERN INTERIOR KARNATAKA,0,,3.9,,-100%,NR,3.9,50.5,-92%,LD,,
1,BAGALKOTE,0,,3.1,,-100%,NR,0,51.2,-100%,NR,,
2,BELAGAVI,0,,3.1,,-100%,NR,4.2,49.3,-91%,LD,,
3,BIDAR,0,,4.6,,-100%,NR,0,47.8,-100%,NR,,
4,DHARWAD,0,,3,,-100%,NR,20,48.1,-58%,D,,
5,GADAG,0,,2.2,,-100%,NR,7.8,50.9,-85%,LD,,
6,HAVERI,0,,2.7,,-100%,NR,17,48.4,-65%,LD,,
7,KALABURAGI,0,,5.4,,-100%,NR,0,51.3,-100%,NR,,
8,KOPPAL,0,,3.3,,-100%,NR,5.9,51,-88%,LD,,
9,RAICHUR,0,,6.7,,-100%,NR,0,55.2,-100%,NR,,
10,VIJAYAPURA,0,,3.5,,-100%,NR,0.3,52.7,-99%,LD,,
11,YADGIR,0,,5.7,,-100%,NR,0,48.1,-100%,NR,,
,SOUTHERN INTERIOR KARNATAKA,1.6,,4.6,,-65%,LD,22.9,56.2,-59%,D,,
1,BALLARI,0,,2.1,,-100%,NR,3.7,48.4,-92%,LD,,
2,BENGALURU RURAL,0,,5.8,,-100%,NR,43.1,63.5,-32%,D,,
3,BENGALURU URBAN,1.8,,4.4,,-60%,LD,45,60.7,-26%,D,,
4,CHAMARAJANAGAR,4.1,,5.6,,-27%,D,47.2,61.4,-23%,D,,
5,CHIKABALLAPURA,0,,6,,-100%,NR,29,60.7,-52%,D,,
6,CHIKKAMAGALURU,0.9,,5.3,,-83%,LD,43.7,61.6,-29%,D,,
7,CHITRADURGA,0,,3.5,,-99%,LD,11.6,48,-76%,LD,,
8,DAVANGERE,0,,2.9,,-100%,NR,7.4,50.3,-85%,LD,,
9,HASSAN,0,,5.2,,-100%,NR,41,52.7,-22%,D,,
,,,DAY: 10-10-2026,,,,PERIOD: 01-10-2026 to 10-10-2026,,,,,,
S.No,MET.SUBDIVISION/UT/STATE/DISTRICT,ACTUAL(mm),NORMAL(mm),%DEP.,CAT.,ACTUAL(mm),NORMAL(mm),%DEP.,CAT.,,,,
10,KODAGU,17.6,6.5,171%,LE,53.2,73.2,-27%,D,,,,
11,KOLAR,0,6.6,-100%,NR,11.9,60.6,-80%,LD,,,,
12,MANDYA,0.2,5.4,-97%,LD,11.1,56.1,-80%,LD,,,,
13,MYSURU,2.6,4.4,-41%,D,22.9,44,-48%,D,,,,
14,RAMANAGARA,3.9,6.7,-42%,D,13.9,65.7,-79%,LD,,,,
15,SHIVAMOGGA,1.3,4,-68%,LD,10.5,57.1,-82%,LD,,,,
16,TUMAKURU,0.2,4.3,-95%,LD,13.8,58.6,-77%,LD,,,,
17,VIJAYANAGARA,0.4,2.2,-83%,LD,13.4,47.9,-72%,LD,,,,
,COASTAL KARNATAKA,2.3,5.3,-56%,D,37.3,85.1,-56%,D,,,,
1,DAKSHINA KANNADA,8,8.7,-8%,N,104.3,107.2,-3%,N,,,,
2,UDUPI,1.1,5,-78%,LD,32.4,97.4,-67%,LD,,,,
3,UTTARA KANNADA,0.1,3.8,-96%,LD,7.5,70.5,-89%,LD,,,,
,KERALA & MAHE,15.2,9,69%,LE,79.7,99.4,-20%,D,,,,
,KERALA,15.2,9,69%,LE,79.7,99.4,-20%,D,,,,
1,ALAPUZHA,22.2,9.5,134%,LE,93,110.1,-16%,N,,,,
2,ERNAKULAM,44.9,11.6,287%,LE,101.3,116.9,-13%,N,,,,
3,IDUKKI,4.6,11,-58%,D,85.6,127.8,-33%,D,,,,
4,KANNUR,14.6,5.6,160%,LE,40.7,87.6,-54%,D,,,,
5,KASARGOD,3.4,7.6,-55%,D,45.5,86.4,-47%,D,,,,
6,KOLLAM,15.3,9.8,56%,E,77.3,110.7,-30%,D,,,,
7,KOTTAYAM,21.2,11.5,84%,LE,115.6,104.8,10%,N,,,,
8,KOZHIKODE,2.1,9.7,-78%,LD,53.2,104.8,-49%,D,,,,
9,MALAPPURAM,9.3,8.8,6%,N,43.2,94.8,-54%,D,,,,
10,PALAKKAD,5,5.5,-9%,N,60.4,66.3,-9%,N,,,,
11,PATHANAMTHITTA,19.6,13.1,49%,E,182.9,107.7,70%,LE,,,,
12,THIRUVANANTHAPURAM,33.1,8.1,308%,LE,89.4,86.3,4%,N,,,,
,,,,,DAY: 10-10-2026,,,,PERIOD: 01-10-2026 to 10-10-2026,,,,
S.No,,MET.SUBDIVISION/UT/STATE/DISTRICT,ACTUAL(mm),,NORMAL(mm),%DEP.,CAT.,ACTUAL(mm),NORMAL(mm),%DEP.,,CAT.,
13,THRISSUR,,15.1,9.8,,54%,E,83.5,114.5,-27%,D,,
14,WYNAD,,18.9,4.8,,294%,LE,68.1,70.3,-3%,N,,
,PUDUCHERRY (UT),,0,3.3,,-100%,NR,9.2,58.6,-84%,LD,,
1,MAHE,,,4.9,,,ND,,85.7,,ND,,
,LAKSHADWEEP,,4.1,4.9,,-17%,N,32.7,48,-32%,D,,
1,LAKSHADWEEP,,4.1,4.9,,-17%,N,32.7,48,-32%,D,,
,LEGEND,,,,,,,,,,,,
CATEGORY,% DEPARTURES OF RAINFALL,COLOUR CODE,,,,,,,,,,,
Large Excess,>= 60%,,,,,,,,,,,,
(LE or L.Excess),,,,,,,,,,,,,
Excess (E),>= 20% and <= 59%,,,,,,,,,,,,
Normal (N),>= -19% and <= +19%,,,,,,,,,,,,
Deficient (D),>= -59% and <= -20%,,,,,,,,,,,,
Large Deficient,>= -99% and <= -60%,,,,,,,,,,,,
(LD or L.Deficient),,,,,,,,,,,,,
No Rain(NR),= -100%,,,,,,,,,,,,
Not Available,ND,,,,,,,,,,,,
Note :,The rainfall values are rounded off up to one place of decimal.,,,,,,,,,,,,
